Name,Start-Date,End-Date
UNISONG Choral Festival,01/07/2017,01/07/2017
Latin Sparks Festival: Encore Edition,12/08/2017,13/08/2017
JuniperTulipMarket,16/09/2017,16/09/2017
Jannat Performing Arts - Insight: A Reflective Experience ,29/07/2017,29/07/2017
University of Ottawa MFA candidates - Thesis exhibitions - Jonathan Théroux – Tour,24/08/2017,24/08/2017
Megan Jerome CD Launch,13/12/2017,13/12/2017
32nd European Union Film Festival (EUFF) ,17/11/2017,05/12/2017
The Longest Distance (Venezuela) - Latin American Film Festival,28/04/2017,28/04/2017
The Great Rectory Art Party,02/11/2017,02/11/2017
We are Survivors,22/10/2017,22/10/2017
Heritage Trades: Can You Build It?,19/05/2017,19/05/2017
Annual Fall Bazaar,04/11/2017,04/11/2017
Sitar and Sufi Singing,13/05/2018,13/05/2018
Raffi! 40 Years of Singable Songs!,01/10/2017,01/10/2017
Joshua Bell’s Christmas,20/12/2017,20/12/2017
Holiday Benefit Concert featuring Tara Shannon,08/12/2017,08/12/2017
Pie-a-Prof,10/11/2017,30/11/2017
Angela Hewitt’s Bach Odyssey,20/03/2018,20/03/2018
Masters of Relief at the Bank of Canada Museum!,28/05/2018,11/11/2018
PBLI - National Indigenous Policing Forum,02/05/2018,03/05/2018
Choir! Choir! Choir!,16/02/2019,16/02/2019
Seyekoya Nico Closing Show,29/04/2017,29/04/2017
In the Merry Month of May - Sing my Spirit,12/05/2018,12/05/2018
Ottawa Drone Day 2017,27/05/2017,28/05/2017
Makem & Clancy - The Next Generation Tour,16/10/2018,16/10/2018
Etsy: Made in Canada,23/09/2017,23/09/2017
Vienna Boys Choir,07/04/2019,07/04/2019
Anna Eyler and Nicolas Lapointe - void loop(),31/05/2018,08/08/2018
Great Big smalls XIV,20/11/2018,30/12/2018
The Fourth Annual Collectors Show,03/10/2017,05/11/2017
Unveiling The Wisdom of The Trees,24/06/2017,24/06/2017
Friends of the Ottawa Public Library Mammoth Book Sale,17/11/2018,17/11/2018
Hertiage Walk - Little Italy,18/06/2018,18/06/2018
Seventh Annual Underground Comedy Railroad,19/02/2018,19/02/2018
Young At Art: Kanata Civic Art Gallery,18/04/2019,05/06/2019
Thank you For Being A Friend,23/10/2018,23/10/2018
Bug Day!,08/09/2018,08/09/2018
Pumpkin Party!,28/10/2018,28/10/2018
Robbie Craig and Adam Young Art Show and Sale,21/07/2018,22/07/2018
The Sounds of Simon and Garfunkel,08/02/2018,10/02/2018
My Furry Valentine Family Event,09/02/2019,09/02/2019
Sky High Magic - The Magic of Majinx!,18/02/2019,18/02/2019
Sing! Chantez! Shiru! Canadian Jewish Music: a 150th Celebration,14/05/2017,14/05/2017
Stars and Seas: Stories and songs from far and away,26/01/2019,26/01/2019
Book Signing With Author Barbara Avon,15/07/2018,15/07/2018
Jess Moskaluke featuring The Washboard Union and JJ Shiplett,23/11/2017,23/11/2017
Sci-Fi & Sundry Sale,07/04/2018,07/04/2018
Writing and Editing for the Web,08/11/2017,08/11/2017
Spectacle du Choeur Pleinchant : De nouvelles couleurs de Noël,16/12/2018,16/12/2018
Aladdin Jr.,08/06/2018,09/06/2018
"Breaking Bread, Breaking Stigma",03/10/2018,03/10/2018
Bands 4 BIN (Bullies in Need),24/03/2018,24/03/2018
Dead Accounts,14/02/2018,03/03/2018
Salute to Vienna New Year's Concert,01/01/2018,01/01/2018
Trans-Canada:  Songs that Move Us,08/05/2017,08/05/2017
Lintu and Hewitt,05/10/2017,05/10/2017
Romeo & Juliet ,12/07/2017,12/07/2017
Capital City Chorus 60th Anniversary Show ,30/09/2017,30/09/2017
Heritage Walk - Vanier,22/06/2018,22/06/2018
Momentum613,24/11/2017,24/11/2017
Angela Hewitt: Bach Odyssey VII,18/10/2018,18/10/2018
Ottawa Riverkeeper Annual Gala,30/05/2018,30/05/2018
Romeo & Juliet,20/07/2017,20/07/2017
"Future States, David in the Dark and mal/aimé",09/06/2017,09/06/2017
Musical Memories,28/04/2018,28/04/2018
Finland: Tytto nimelta Varpu (Little Wing) (EUFF 2017),25/11/2017,25/11/2017
The Canadian Gaming Conference and Expo (CGX),23/06/2018,24/06/2018
Year End Fundraising Concert,02/06/2018,02/06/2018
Sing-a-Long Sound of Music,17/02/2018,17/02/2018
One Ok Rock,21/07/2017,21/07/2017
Uncork,18/10/2018,18/10/2018
So Long Seven,02/02/2018,02/02/2018
Maker of Monsters ,27/07/2018,27/07/2018
Series Dance 10 #29  Natasha Bakht & Monica Shah,23/11/2017,25/11/2017
"The Dant Danners, The Maximum Chill, and Not Really",03/03/2018,03/03/2018
Annual Research Forum in Gatineau Park,17/11/2018,17/11/2018
Nepean Christmas Celebration,15/12/2018,15/12/2018
Itzhak Perlman’s Cinema Serenade,13/09/2017,14/09/2017
Series Dance 10 #30 - Katia Gagné,22/02/2018,24/02/2018
Geeked Out Ottawa's Toy & Collectible Sale,10/12/2017,10/12/2017
Mobius,10/05/2018,22/05/2018
Café Classico - The Voice of the Violin,12/11/2017,12/11/2017
Viva Verdi,05/05/2018,05/05/2018
Mother's Day Cardmaking,11/05/2018,11/05/2018
Harvest Festival,06/10/2018,06/10/2018
 Juvenile Diabetes Research Foundation (JDRF) Walk,10/06/2018,10/06/2018
The Ottawa Bachata Festival,16/02/2018,18/02/2018
Dark Glasses (Cuba) Latin American Film Festival,05/05/2017,05/05/2017
"Red, White and Gold - an Amazing Concert with Chantal Kreviazuk",26/05/2017,26/05/2017
'Pop' Culture,17/06/2018,17/06/2018
Bonsai Art Exhibition 2018,15/09/2018,16/09/2018
Blue Rodeo,23/02/2019,23/02/2019
Dictée Gabrielle Roy,22/03/2018,22/03/2018
Opening: Nathalie Quagliotto - Safety Measures,07/02/2019,07/02/2019
Canada Day at the Bank of Canada Museum: Women on Currency,01/07/2018,01/07/2018
Constructed Identities,23/01/2018,03/06/2018
Capital Funk,18/08/2017,18/08/2017
Ottawa Youth Orchestra Concert,18/11/2018,18/11/2018
Royal Winnipeg Ballet Professional Division’s 2017/18 Audition Tour,03/11/2017,03/11/2017
La Fête FrancOrléans,22/09/2018,22/09/2018
Gregorian Chants for Meditation,14/04/2017,15/04/2017
Strawberry Soirée,28/06/2017,28/06/2017
Ten Cities: The Past is Present,07/06/2018,07/06/2018
Soca Boat,29/06/2018,30/06/2018
"Kye-Yeon Son, A Retrosp​e​ctive Jewellery Exhibition​",05/05/2017,25/05/2017
MELOG Latin Expo 2017,04/06/2017,04/06/2017
PwC MS Bike - Ottawa to Cornwall ,18/08/2018,18/08/2018
JW-Jones Live Album Recording,04/04/2018,05/04/2018
Ham Dinner,14/04/2018,14/04/2018
Break Free 5K Ottawa,17/06/2018,17/06/2018
Eitetsu Hayashi Japanese Taiko Drum Concert,19/08/2018,19/08/2018
Spring into Art Conference and Luncheon,14/04/2018,14/04/2018
Korean Culture Fair 2018,23/06/2018,23/06/2018
TealFest Music Festival and Bazaar,25/08/2018,25/08/2018
Veils and Cocktails,20/10/2018,20/10/2018
Fork in the Road,12/05/2017,13/05/2017
It's Always Sunny In Philidelphia Trivia,02/11/2017,02/11/2017
Snaggle featuring Brownman Ali,06/10/2018,06/10/2018
Thanksgiving Weekend at the Farm,06/10/2018,08/10/2018
Italy: Il giovane favoloso (Leopardi) (EUFF 2017),28/11/2017,28/11/2017
Acres of Terror,28/09/2018,30/10/2018
Jane's Walk Ottawa-Gatineau,05/05/2018,06/05/2018
Gatineau Reptile Expo,11/11/2018,11/11/2018
Night Lights - Art and Light Festival,25/11/2017,26/11/2017
Haunted Horaceville,21/10/2018,21/10/2018
Tea With a Mix of Musicians' Picks,14/04/2019,14/04/2019
Jillian Kerr & friends EP Release Party ,24/06/2017,24/06/2017
Tea on the Verandah,08/07/2017,12/08/2017
Barnyard Break,03/03/2018,17/03/2018
The Sound of the Muse theatrical concert series,11/04/2017,11/04/2017
Herzberg Lecture: Signalling Through DNA,01/11/2017,01/11/2017
Artist Talk: Jennifer Anne Norman - Forest for the Trees ,06/05/2018,06/05/2018
Tea With A Twist of Opera,10/03/2019,10/03/2019
Cobario The New Austrian Sound of Music,26/06/2018,26/06/2018
A Winter's Tail,02/12/2017,02/12/2017
Charity block party,15/09/2018,15/09/2018
Whatever's Cool With Me 20th Anniversary Party with Kalle Mattson,09/08/2017,09/08/2017
TIMEKODE: May Edition,19/05/2017,19/05/2017
A Night at the Races 2017: TROtt's Annual Fundraiser,22/10/2017,22/10/2017
Art in the Dark,14/10/2017,14/10/2017
Lemon Bucket Orkestra,01/11/2017,01/11/2017
Vancouver Symphony Orchestra,25/05/2018,25/05/2018
Romeo & Juliet ,21/07/2017,21/07/2017
Rockcliffe Park Book Fair,03/11/2017,05/11/2017
Kanata Symphony Orchestra Concert,06/05/2017,06/05/2017
Lantern Lit Labryinth Walk,02/06/2018,02/06/2018
Amanda Rheaume,16/02/2019,16/02/2019
Fifteenth National Jewellery Student Competition Exhibition ,25/08/2018,09/09/2018
Sing Out for CHEO,22/02/2019,22/02/2019
4th Annual West End Food Truck Rally,11/08/2018,11/08/2018
Elmwood Old Girls' Art Show,01/12/2017,03/12/2017
Hands on History: Musket Firing,08/07/2018,09/08/2018
Lapland Chamber Orchestra,12/10/2017,12/10/2017
Heritage Walk - Chinatown ,30/06/2018,30/06/2018
Family Gingerbread House Contest,12/12/2018,20/12/2018
Pinhole Portraits Ottawa,30/12/2017,30/12/2017
Nepali Gala 2018,11/05/2018,11/05/2018
Peace on Earth - Songs to Heal Our Planet,15/12/2017,15/12/2017
 Empyrean,17/10/2018,18/11/2018
BIAOV Fall Fundraiser,24/10/2017,24/10/2017
The Royal Canadian Geographic Society Summer Exhibits,29/06/2018,03/09/2018
"A ""Gift of Art"" Fine Art Show and Sale",24/11/2018,25/11/2018
Live Music,09/09/2017,09/09/2017
Le silence d’une tragédie... ou La Mesure Humaine,18/04/2018,08/05/2018
The Real 6,18/08/2017,18/08/2017
Series Dance 10 #27 - Chartier Danse and Jacqueline Ethier,11/05/2017,13/05/2017
Ottawa Park Summit,21/04/2018,21/04/2018
Canada Day at Laurier House National Historic Site,01/07/2018,01/07/2018
Canada Day at the Canada Agriculture and Food Museum,01/07/2017,01/07/2017
Entonces Nosotros (About Us) - Latin American Film Festival,11/05/2017,11/05/2017
DrupalCamp Ottawa,26/10/2018,26/10/2018
"Sister Act, The Musical",25/05/2017,28/05/2017
Red Trillium Studio Tour,25/11/2017,26/11/2017
OWAA Celebrates Canada 150,13/05/2017,13/05/2017
Ray Montford 'Share My Sky' Album Release Concert,20/10/2018,20/10/2018
Opening reception: Mélanie Myers: Ce qui touche au sol (What Touches the Ground) ,14/12/2017,14/12/2017
"National Urban Design Awards, Ceremony and presentation",07/01/2019,07/01/2019
St Pius X 60th Anniversary Charity Golf Tournament,08/08/2018,08/08/2018
Westfest All Star Fundraiser and Media Launch,04/03/2018,04/03/2018
Inspirations Art Show & Sale,14/04/2018,15/04/2018
Parkinson SuperWalk,09/09/2017,09/09/2017
Glebestock,29/09/2018,29/09/2018
Classic Albums Live: Fleetwood Mac - Rumours,10/04/2019,10/04/2019
Spectacular Spectacular!,31/12/2017,31/12/2017
An Evening with Steve Patterson,12/10/2017,12/10/2017
Ryan Cook,22/02/2019,22/02/2019
The World Remembers,24/09/2017,13/11/2017
Julie Mercantini: 'biomorphs',28/09/2017,10/10/2017
CN Cycle for CHEO,06/05/2018,06/05/2018
Ice Cream Lawn Social,24/06/2018,24/06/2018
One Night on the Wheel,07/09/2018,12/10/2018
Romero Guitar Quartet,16/02/2019,16/02/2019
All That Glam,25/11/2017,25/11/2017
The National Portrait,29/06/2018,19/08/2018
Canada Day in the National Capital Region,30/06/2017,02/07/2017
Heritage Walk - Lowertown West,27/06/2018,27/06/2018
Canada Day Celebrations,01/07/2018,01/07/2018
Holidays for Hope,01/12/2018,01/12/2018
Accommodating the details by Gail Bourgeois,08/02/2018,11/03/2018
"Artists' tour and catalogue launch: Barbara Brown and Cynthia O'Brien – LifeCycle Conversations Judith Parker, curatorial collaborator",02/12/2018,02/12/2018
Great Canadian Tease Burlesque Brunch,20/08/2017,20/08/2017
Plant Portraits: Native Plants of Canada,18/05/2018,31/10/2018
Canada: Who Do We Think We Are?,12/07/2017,01/03/2018
Fletcher Wildlife Garden Annual Native Plant Sale,02/06/2018,02/06/2018
Red Trillium Studio Tour,20/10/2018,21/10/2018
Twelfth Annual Great Pumpkin Charity Ball,27/10/2018,28/10/2018
Joy Kardish: Transference,15/02/2019,20/03/2019
Welcome to Our Home,26/10/2017,01/12/2017
Saturday Explorers: Crafting in the Past,27/05/2017,27/05/2017
Wiggle Waggle Walk and Run,09/09/2018,09/09/2018
260 Fingers,11/11/2017,12/11/2017
Beneath ocean waves: The surprising colours of Canada’s western coast,13/06/2017,13/06/2017
Bicycle Film Festival,09/09/2017,09/09/2017
Comfortably Numb - Canada's Pink Floyd Show - The Wall ,10/02/2018,10/02/2018
Pride and Prejudice Garden Party,16/07/2017,16/07/2017
Kanata Symphony Orchestra Concert,18/11/2017,18/11/2017
Echoes of Brass: The Music of the Salvation Army,25/02/2018,25/02/2018
Sweet Picnic Tea on the Veranda  ,21/07/2018,25/08/2018
The Split - Matinee Concert,30/04/2017,30/04/2017
Canadian Traditions: Play the wooden spoons workshop,17/03/2018,17/03/2018
38th Annual Reach Celebrity Auction,18/10/2018,18/10/2018
Trick or Toccata ,23/10/2018,23/10/2018
Tim Hortons Ottawa Dragon Boat Festival,22/06/2017,25/06/2017
Make-A-Wish's Royal-Tea Event,19/05/2018,19/05/2018
The Grey Jazz Big Band- A Concert To Remember,09/11/2018,09/11/2018
Tree of Life Candlelight Remembrance,25/11/2018,25/11/2018
Peter Pan and Wendy,29/11/2017,16/12/2017
The Spirit of Budo: The History of Japanese Martial Arts,26/04/2017,16/05/2017
James and the Giant Peach,24/05/2018,27/05/2018
Duplexity,10/05/2018,12/06/2018
Lights,04/04/2018,04/04/2018
Baconpalooza,25/08/2017,27/08/2017
Vernissage - Wapikwanew: Blossom (Floraison),22/06/2017,22/06/2017
A Classical Treat,07/06/2017,07/06/2017
Families in Flux - Opening Day,13/05/2018,13/05/2018
Canadian Stone Carving Festival,21/07/2017,23/07/2017
Summer Series 2018,05/07/2018,23/08/2018
Curious About Curating?,20/09/2017,20/09/2017
Unity,24/08/2017,24/08/2017
Antoine Corriveau,26/01/2019,26/01/2019
Wild Kratts Live 2.0 - Activate Creature Power!,14/09/2018,15/09/2018
260 Fingers: Opening Night,10/11/2017,10/11/2017
Café Classico - Lansdowne String Quartet,03/03/2019,03/03/2019
St. Matthew's Pageant & Choral Eucharist,24/12/2017,24/12/2017
Miss Shakespeare - a new Canadian Musical,23/05/2018,02/06/2018
Red Trillium Studio Tour 2017,03/06/2017,04/06/2017
Ottawa Youth Orchestra Academy Family Concert,06/05/2018,06/05/2018
Heritage Walk - Vanier,20/06/2018,20/06/2018
Steven Page,01/05/2019,01/05/2019
Hop into Easter,31/03/2018,31/03/2018
Nordic Favourites,21/10/2017,21/10/2017
Voices in Harmony: A Springtime Choral Concert,28/04/2018,28/04/2018
Howl-o-Ween at the OHS,27/10/2018,27/10/2018
Barrack Hill Cemetery - Public Visitation,24/09/2017,24/09/2017
Curious and Kind,01/10/2018,24/12/2018
Dominion,30/05/2017,02/07/2017
Soiree Salus,27/09/2018,27/09/2018
Pakenham Maple Run Studio Tour,07/04/2018,08/04/2018
Canada Day,01/07/2017,01/07/2017
Roman Timofeev's piano recital,09/09/2017,09/09/2017
The Peace of Christmas,02/12/2018,02/12/2018
Pysanky making workshop - Wapikwanew: Blossom (Floraison),15/07/2017,15/07/2017
A Noteworthy Woman,30/11/2018,12/05/2019
James Barker Band,17/01/2018,17/01/2018
Romeo & Juliet ,07/07/2017,07/07/2017
Playlist 150 Fun Ride,25/06/2017,25/06/2017
NAC Gala,16/09/2017,16/09/2017
Mozart!,02/10/2017,02/10/2017
Hopped and Confused,25/08/2017,26/08/2017
Ottawa Parent & Child Expo 2017,28/10/2017,29/10/2017
Welcome To Guruland,03/02/2018,03/02/2018
Late Bloomers,02/05/2017,28/05/2017
Rattle Me Bones,28/10/2018,28/10/2018
Canada Goose Arctic Gallery,21/06/2017,21/06/2017
"Curatorial Talk: Barbara Brown and Cynthia O'Brien – LifeCycle Conversations Judith Parker, curatorial collaborator",06/01/2019,06/01/2019
Heritage Walk - Lowertown East,29/06/2018,29/06/2018
Young At Art: Atrium Art Gallery,20/04/2019,13/05/2019
CineMusiq 'Octane' with Chitra - Music for Cause ,09/09/2017,09/09/2017
Beekeeping 101,18/01/2018,18/01/2018
Yo ho ho: Raise a Glass to Franklin!,09/06/2018,09/06/2018
Howl-O-Ween Open House,28/10/2017,28/10/2017
The Great Glebe Green Garage Sale 2018 ,26/05/2018,26/05/2018
Al Compás del Aire,16/06/2018,16/06/2018
Tanya Kirouac - Excavations,18/11/2017,09/12/2017
Opening: Fiona Annis - Mormorii (Murmurs),07/02/2019,07/02/2019
Dark Horse Dance Projects,06/09/2017,09/09/2017
France: Les Ogres (Ogres) (EUFF 2017),21/11/2017,21/11/2017
Medium Sherry Gallant,02/03/2018,02/03/2018
Kidsfest Ottawa,02/03/2019,03/03/2019
Opening Reception: Ben Globerman – Call to Prayer,08/02/2018,08/02/2018
Canadian Stone Carving Festival 2018,20/07/2018,22/07/2018
Twenty-sixth Annual Open Studio,18/10/2018,28/10/2018
The Art of Gingerbread,06/12/2018,06/12/2018
A Spring Posy,08/04/2018,08/04/2018
Light Jazz for Orchestra workshop,23/09/2017,23/09/2017
Overbrook the Musical,24/11/2017,26/11/2017
Ben Heppner and Toronto Mass Choir,25/01/2018,25/01/2018
Classic Car Show,15/07/2018,15/07/2018
In the Spotlight,08/11/2018,08/11/2018
Claudia Salguero in concert,26/05/2017,26/05/2017
Resolution 2019,18/01/2019,18/01/2019
Nature Awakens,06/05/2017,07/07/2017
Une Célébration Française,29/04/2018,29/04/2018
ODD is On,17/04/2018,17/04/2018
2nd Oskar Halecki Symposium: Polish Canadians Contribution to Canada,27/10/2017,27/10/2017
OHS Critter Christmas Family Event,01/12/2018,01/12/2018
Artist Talk: Adrienne Scott - Magpie Landscapes,21/10/2018,21/10/2018
FOPLA Mammoth Book sale,16/06/2018,16/06/2018
Parfocal Lens: Debating Ballen,14/09/2018,14/09/2018
Political cartoons and landscapes of Josh Silburt,17/07/2018,03/09/2018
Sporting Life 10K Ottawa,13/05/2018,13/05/2018
Smashing Pumpkins,23/09/2017,24/09/2017
Jeffrey Li,01/12/2018,01/12/2018
Feast of Fields,03/10/2018,03/10/2018
One Voice,07/04/2018,07/04/2018
Food for Thought Lecture: Cricket Farming: A new source of protein,15/02/2018,15/02/2018
Moving Stories Exhibition,09/11/2018,22/03/2019
Parfocal Lens: Fabricated Visions,16/11/2018,16/11/2018
Ottawa Adventure Film Festival,18/11/2017,18/11/2017
FOPLA Mammoth Book sale,19/01/2019,19/01/2019
Labyrinth Walk at Carleton Memorial,16/12/2017,16/12/2017
Sleigh Bells Ring!,15/12/2018,15/12/2018
JW Jones & Friends: Home for the Holidays,13/12/2018,13/12/2018
l i n g e r  and  l u r e - Sharon Kelly and Crystal Beshara,11/05/2018,31/05/2018
Megan Jerome and the Together Ensemble,16/06/2017,16/06/2017
Moonfruits present Ste-Quequepart,13/05/2017,13/05/2017
Equal Terms,06/02/2018,04/03/2018
Contemporary Canadian Jewellery: the 30th annual exhibition ,02/12/2017,31/12/2017
Shirley Van Dusen - A Retrospective,05/09/2017,24/09/2017
"Feed the City, Feed Your Soul",01/10/2017,01/10/2017
Artist Talk: Fiona Annis - Mormorii (Murmurs),08/02/2019,08/02/2019
Doors Open Ottawa 2018,02/06/2018,03/06/2018
Tour with the curator: Continuum - Karsh Award artists welcome a new generation ,24/09/2017,24/09/2017
Push For Your Tush - Ottawa,24/06/2017,24/06/2017
Used Book Sale,27/10/2017,28/10/2017
Ciné-club « Mustang »,05/05/2017,05/05/2017
Golden Triangle Art Fair,27/05/2017,27/05/2017
James Bond in A Convenient Lie,12/04/2018,12/04/2018
Rita Tabback in concert,18/08/2017,18/08/2017
Ancestry Day,19/06/2017,19/06/2017
Stars with NAC Orchestra,15/12/2018,15/12/2018
Family Fun Day,13/10/2018,13/10/2018
Ottawa Craft Beer Run,17/06/2017,17/06/2017
Ciné-club - Ce sentiment de l'été,15/09/2017,15/09/2017
TealFest 2018 Garage Sale,26/05/2018,26/05/2018
Something Old and Something New,10/05/2018,10/05/2018
Paleontology: Fossil Dig,05/07/2018,05/07/2018
Ottawa Adventure Film Festival 2018,17/11/2018,21/11/2018
Global Tastes - Canadian Cheeses,07/11/2017,07/11/2017
"The Powergoats, Jasper Bridge, & Jillian Kerr",27/05/2017,27/05/2017
Annual Fall Bazaar,20/10/2018,20/10/2018
Moonfruits & Kyra Shaughnessy Live,29/10/2017,29/10/2017
St. Lawrence String Quartet,15/01/2018,15/01/2018
Remigio in Concert,18/12/2017,18/12/2017
Momo Spot Pop-Up Restaurant III,01/12/2018,01/12/2018
Paint Night,12/01/2018,12/01/2018
Canada Day - The new Bank of Canada Museum,01/07/2017,01/07/2017
Boquerón (Bolivia) - Latin American Film Festival,29/04/2017,29/04/2017
Requiem for Peace,07/04/2018,07/04/2018
Music at the Museum - We Will Remember,05/11/2017,05/11/2017
Leahy,09/03/2019,09/03/2019
Flamenco desde aquí,15/06/2018,15/06/2018
Mad Crafters Tea Party & Market ,14/10/2017,14/10/2017
Trivia Night Challenge 2017,16/09/2017,16/09/2017
Archaeology Exhibit,01/08/2018,31/08/2018
Chuckles for Charity,05/04/2018,05/04/2018
Singer-Songwriter & Americana,15/10/2017,15/10/2017
Operatic Brass,08/04/2018,08/04/2018
Shelley and Storgårds,14/10/2017,14/10/2017
Orienteering Ottawa Field Day,19/05/2018,19/05/2018
"Weird With Cats with The Rathburns, All Day Brakfast & The Mourning Kitchen",21/09/2017,21/09/2017
Educate and Feed Communities Foundation BBQ,29/07/2017,29/07/2017
Claire Desjardins: summercrush,19/07/2017,16/08/2017
Patrick Reymond and the Magical Theatre Show,19/11/2017,19/11/2017
Holiday Programming,26/12/2017,07/01/2018
Meadowlands Public School Craft and Vendor Fair ,17/11/2018,17/11/2018
"Série Danse 10 #31 - Lesandra Dodson, Crazy Smooth, FloorPlay",27/09/2018,29/09/2018
Indigenous Day Live,23/06/2018,23/06/2018
Band Together for Nelson House,23/03/2018,23/03/2018
Worldview Studio Fall Fine Art Show,02/12/2017,17/12/2017
The World Remembers,11/09/2018,11/11/2018
Fifty-Five Plus Lifestyle Show,20/04/2018,21/04/2018
2017 Ottawa Pinball and Gameroom Show,02/09/2017,03/09/2017
Dance! Salsa - Merengue - Bachata,20/04/2018,20/04/2018
House of Paint - Jasmine Community Arts Festival,03/06/2017,03/06/2017
The Art of Peter Purdy,15/03/2018,14/04/2018
Fête de l'Amitié: Spectacle en soutien aux réfugiés syriens,27/01/2019,27/01/2019
British Isles Family History Society of Greater Ottawa - Annual Conference,29/09/2017,01/10/2017
Fleurs de Villes’ Floral Mannequin Series ,18/04/2018,26/04/2018
Dusk Series: Creatures of the Night,16/06/2018,16/06/2018
Lennie Gallant,16/04/2019,16/04/2019
Relay For Life - Canadian Cancer Society,15/06/2018,16/06/2018
The Riparians,17/07/2018,05/08/2018
Victorian Medical Practices,11/07/2018,11/07/2018
Nepean Seniors Recreation Centre Open House,25/10/2018,25/10/2018
In the Room,18/05/2017,18/05/2017
Et l'aube chassant la nuit: 2 - Le pêcheur et le génie,13/02/2018,13/02/2018
An American in Paris - Live!,16/11/2017,18/11/2017
Music for a Sunday Afternoon - Alain Trudel,06/05/2018,06/05/2018
Comedy Night,09/02/2018,09/02/2018
I Can’t Believe It’s Currency,12/05/2018,20/05/2018
Youth Music and Dance Festival,14/07/2017,14/07/2017
Up Country - Kathy M Haycock - opening night,07/06/2018,07/06/2018
 Doors Open Ottawa 2018 - Villages,02/06/2018,03/06/2018
Overbrook Diary,30/11/2018,01/12/2018
Shakespeare in the Park: Romeo & Juliet,30/07/2017,30/07/2017
A Choral Celebration,13/05/2017,13/05/2017
Winterlude,01/02/2019,19/02/2019
City of OM,03/06/2017,03/06/2017
Allsaints Book Fair,04/11/2017,05/11/2017
Charles Spratt: Spring Arrival - Vernissage,16/06/2018,16/06/2018
Greece: Plateia Amerikis (Amerika Square) (EUFF 2017),24/11/2017,24/11/2017
Ottawa International BuskerFest 2017,03/08/2017,07/08/2017
Bring Food Home 2017 ,26/10/2017,29/10/2017
Tranquility,16/10/2018,18/11/2018
José Luis Torres – De l'horizontal au vertical (From Horizontal to Vertical),04/05/2017,11/06/2017
"Trivia Night, 75 feet underground!",17/06/2017,17/06/2017
Storgårds Conducts Rachmaninoff,17/01/2018,18/01/2018
Double Bill - Rideshares & Rope Swings and In Waking Life,18/08/2017,20/08/2017
Symphony Hack Lab,03/02/2018,03/02/2018
Justin Duhaime Trio featuring Denis Chang,16/12/2017,16/12/2017
Ballade to the Moon,13/05/2017,13/05/2017
Glenn Gould’s String Quartet,13/10/2017,13/10/2017
Justin Duhaime Quartet plays the music of Django Reinhardt,13/05/2018,13/05/2018
Sultans of String Christmas Caravan with special guests Rebecca Campbell and Kellylee Evans,18/12/2018,18/12/2018
Patrick Watson with the NAC Orchestra,19/01/2019,19/01/2019
Artist Talk - Wapikwanew: Blossom (Floraison),23/06/2017,23/06/2017
Puccini Messa Di Gloria ,08/06/2018,08/06/2018
The Carleton Cup,27/01/2018,28/01/2018
david lidbetter - whiteout,23/09/2017,30/09/2017
Genticorum - cd release concert,10/03/2018,10/03/2018
FOPLA Mammoth Book sale,21/07/2018,21/07/2018
So Long Seven,10/06/2017,10/06/2017
Epic Walk,16/09/2017,16/09/2017
Cuarteto Casals,04/03/2019,04/03/2019
Series Dance 10 # 28 - Laurie Young / Face 2 Face,25/10/2017,28/10/2017
Hotter Than Potter,12/06/2017,18/06/2017
The New Art Festival,09/06/2018,10/06/2018
Pro Organo: Organist Pascale Rouet in concert,30/09/2018,30/09/2018
Drew Mosley - A Rebellious Nature,04/11/2017,26/11/2017
Musical Theatre Karaoke,08/12/2018,08/12/2018
A Streetcar Named Desire,21/03/2018,07/04/2018
The Unexpected Guest,11/07/2018,28/07/2018
Linnebach and Bartók,10/01/2018,11/01/2018
Canadiana: Selections from the Art Bank Collection,25/05/2018,01/07/2018
Hillsburn,23/02/2019,23/02/2019
The Check (Panama) - Latin American Film Festival,27/04/2017,27/04/2017
Treasure Island,16/05/2017,27/05/2017
Ottawa Dance Collective's Year-End Showcase:  In The News,13/05/2017,13/05/2017
Ottawa Italian Festival 2017,16/06/2017,18/06/2017
Diane Laundy: Kaleidos,23/08/2018,18/09/2018
Elves at the Estate,01/12/2018,01/12/2018
Third Annual West End Food Truck Rally,12/08/2017,12/08/2017
Nipiit Katittut Voices United in Concert,02/07/2017,02/07/2017
Spring Concert,09/06/2018,09/06/2018
Ensemble Variances,12/11/2017,12/11/2017
Ta Da! Arts Alive! Quebec Festival,08/09/2017,10/09/2017
The 37th Ottawa Antiquarian Book Fair,22/10/2017,22/10/2017
SOCA BOAT 150,30/06/2017,01/07/2017
Dueling Magicians,26/10/2018,26/10/2018
Synaesthesia - Rob Snikkar - Paintings of music in its from and feeling,15/06/2017,17/07/2017
Kim Mitchell,10/11/2017,10/11/2017
Food for Thought Lecture: Have your ale and eat it too: Beer as an agricultural product ,27/03/2018,27/03/2018
Poland: Marie Sklodowska-Curie (Marie Curie: The Courage of Knowledge)(EUFF 2017),19/11/2017,19/11/2017
Emily Brown and The Thing,16/02/2019,16/02/2019
CreActivity Club - Bird Feeder,05/05/2018,05/05/2018
kele fleming in concert,15/05/2018,15/05/2018
Open House: Ottawa Valley Wild Bird Care Centre,03/06/2017,04/06/2017
"Hommage à Chopin - Sarah Molenaar, Piano Recital",27/04/2018,29/04/2018
Soul Shakedown with the Split,10/11/2017,10/11/2017
Beaux Rêves,03/04/2018,29/04/2018
Contrarians,01/05/2018,03/06/2018
Signatures Series: Interview with Raymond Chrétien,16/05/2017,16/05/2017
Opening of the Canadian History Hall,01/07/2017,01/07/2017
Ottawa Welcomes the World (Turkish Days) and Children's Day ,23/04/2017,23/04/2017
Flower Nite,26/06/2017,26/06/2017
Canadian College of Performing Arts National Audition Tour,11/02/2018,11/02/2018
Ciné-club et discussion Le Choix de Théo,22/05/2018,22/05/2018
100in1day Festival ,03/06/2017,03/06/2017
Fort Wellington Halloween public investigation,28/10/2017,28/10/2017
A Matter Of Spirit: A Hundred Years After the Great War,10/11/2018,10/11/2018
Guilty Men (Colombia) - Latin American Film Festival,03/05/2017,03/05/2017
Michelob Ultra - Ultra Night Run,11/08/2018,11/08/2018
Kick It: A Dance Club for Kids,09/02/2019,09/02/2019
Westboro Fuse Street Festival,18/08/2018,19/08/2018
A Midsummer Night's Dream,03/07/2017,19/08/2017
Ottawa Bird Day,12/05/2018,12/05/2018
The Jenn Hayward Show Live!,25/04/2017,25/04/2017
Music at the Museum: We Will Remember,04/11/2018,04/11/2018
CreActivity Club - Chives Hair-Do,14/04/2018,14/04/2018
The Firebird,13/01/2018,13/01/2018
FOPLA Mammoth Book sale,17/03/2018,17/03/2018
Doors Open Ottawa 2018 - Nepean Museum,02/06/2018,03/06/2018
Black Cherry Band CD Release ,03/11/2018,03/11/2018
Magician Danys Hamel – Danys’ Tricks and Follies ,08/10/2017,08/10/2017
"Drop by Drop: A night of innovation, sustainability and film",10/05/2017,10/05/2017
Dans le silence de la nuit,10/12/2017,10/12/2017
Kick It: A Dance Club for Kids,13/10/2018,13/10/2018
The Art of the Brick Exhibit,16/05/2018,03/09/2018
Fall into Harvest,01/09/2018,09/09/2018
Ming Shui Jang: From East to West; Modern Paintings by Ming Shui Jang,24/08/2018,19/09/2018
Grounded with Alexis Scott,17/01/2018,27/01/2018
Scotch Whiskey Tasting,14/09/2018,14/09/2018
Halloween Hijinks,28/10/2018,28/10/2018
Community Builder of the Year Awards Gala,31/05/2018,31/05/2018
Flower Nite,20/06/2017,20/06/2017
"Hayashiya Imamaru: Japanese Paper-cutting Art ""Kami-Kiri"" Performance",16/10/2017,16/10/2017
Canada-China Film Festival - Stories of China and Chinese Canadians,22/09/2017,23/09/2017
Here comes the Sun,03/03/2018,03/03/2018
4th Annual Community Christmas Dinner,16/12/2017,16/12/2017
Ottawa Junior Youth Orchestra Spring Concert,15/04/2018,15/04/2018
Canada Day and Laurier House,01/07/2017,01/07/2017
Yuri's Night,13/04/2018,13/04/2018
The Tallis Scholars,04/12/2017,04/12/2017
Canadian Trivi-eh,23/06/2018,23/06/2018
Canada’s Capital through the Years,23/04/2017,23/04/2017
  Flower Nite,21/06/2017,21/06/2017
Club de jeux,20/04/2018,20/04/2018
Sunday Afternoon at the Opera,03/06/2018,03/06/2018
Storytelling Night with Joujou Turenne,29/01/2018,29/01/2018
Pints for Paws: A Night at the Speakeasy,31/05/2017,31/05/2017
Table 4 Four Debut,29/10/2017,29/10/2017
the Birthday Show!,28/09/2017,28/09/2017
Summer on the River,13/08/2017,13/08/2017
Ujima Job Fair ,20/01/2018,20/01/2018
"Official Guided tours: Two Prime Ministers, One Home",09/06/2017,01/10/2017
Crossing Borders,13/05/2018,13/05/2018
Canada Day at the Canada Agriculture and Food Museum,01/07/2018,01/07/2018
Ellen Doty,12/04/2019,12/04/2019
Parfocal Lens: Indigenous Praxis,12/04/2018,12/04/2018
Adrienne Scott - Magpie Landscapes,13/09/2018,31/10/2018
Variations for the 21st Century ,05/11/2017,05/11/2017
Mother's Day Tea Party,13/05/2018,13/05/2018
Gallemit - Thériault,12/10/2018,04/11/2018
Summery,07/11/2017,26/11/2017
Salute to Vienna New Year's Concert,30/12/2018,30/12/2018
Superhero Academy,28/10/2017,28/10/2017
Piano recital in French - Olivier de Spiegeleir,21/03/2018,21/03/2018
Noah Derksen,22/03/2019,22/03/2019
Contemporary Canadian Jewellery: the 30th annual exhibition - Opening,02/12/2017,02/12/2017
High Tea with Elsa,11/02/2018,11/02/2018
Romeo & Juliet,14/07/2017,14/07/2017
Cirque du Soleil - Corteo,27/06/2018,01/07/2018
Sugar Fields (Dominican Republic) - Latin American Film Festival,04/05/2017,04/05/2017
Constellation Francophone - Ouvrons les portes,24/06/2017,24/06/2017
Vintage Village of Lights,30/11/2018,23/12/2018
The Minimalists,01/09/2017,01/09/2017
Fisher Park Christmas Craft Market ,01/12/2018,01/12/2018
Book Sale,08/09/2017,09/09/2017
Timekode: October with special guest DJ Trevor Walker,20/10/2017,20/10/2017
Raising Stanley / Life With Tulia,26/07/2018,05/08/2018
Songs In A Minor - Alicia Keys - cancelled,19/08/2017,19/08/2017
Voices from the Front: The Radio Show,07/11/2017,11/11/2017
Artistic Explorations by Erika Farkas,30/05/2017,18/06/2017
Le Garçon au visage disparu,05/05/2018,05/05/2018
Legend and Legacy: Featuring music of Mozart and Bernstein,01/12/2018,01/12/2018
Discover TechNata Tech Expo & Job Fair,28/03/2018,28/03/2018
Leila Forouhar Live in Concert ,23/06/2017,23/06/2017
Steel Toes & Stilettos Full Moon Gala,04/11/2017,04/11/2017
One World Film: Tickling Giants Doc & Talk,07/06/2017,07/06/2017
Canada's Homefront Kitchen Party,16/06/2018,16/06/2018
Fifth Ottawa Dance Directive Dance (ODD) Class Marathon Fundraiser ,09/06/2018,09/06/2018
Kids and Company Celebrates 15 years!,30/09/2017,30/09/2017
Mammoth Book Sale,10/02/2018,10/02/2018
No Way to Say Goodbye - The Songs of Leonard Cohen,25/10/2017,04/11/2017
Autism Speaks Canada Walk: Ottawa 2018,03/06/2018,03/06/2018
Absolute Comedy Christmas Show,21/12/2017,21/12/2017
 Flower Nite,22/06/2017,22/06/2017
Canada: Something to Sing About!,13/05/2017,13/05/2017
Trinbago Day,20/08/2017,20/08/2017
Ray Montford Trio,09/12/2017,09/12/2017
Eleventh Hour - The Armistice Centennial – A Musical Commemoration,03/11/2018,03/11/2018
Sky High Magic: Master Illusionist Chris Pilsworth,18/11/2018,18/11/2018
Annual Concert,25/02/2018,25/02/2018
Practice Your French,23/02/2018,23/02/2018
2018 Ottawa Pinball and Gameroom Show ,22/09/2018,23/09/2018
Opening Reception: Articulations,30/11/2017,30/11/2017
Godspell,08/03/2018,17/03/2018
Urban Organic Gardening Seminars 2017,18/04/2017,09/05/2017
Warp,09/11/2018,09/12/2018
Les bâtons by Tara Luz Danse,13/10/2018,13/10/2018
Mother's Day Tea,13/05/2018,13/05/2018
IoT613,18/04/2018,20/04/2018
East Ottawa Wine and Cheese Tour,14/07/2018,14/07/2018
Mozart...a master for all time!,01/06/2018,01/06/2018
Fairfields Heritage Harvest,15/09/2018,15/09/2018
"GoSalsa Tenth Anniversary Gala - Black, White & Gold",11/11/2017,12/11/2017
The Baby Show,04/11/2017,05/11/2017
Renegades and Refugees,06/05/2018,06/05/2018
Marc Gagne: Out of the Past,14/06/2018,17/07/2018
Nationwide Treasure Hunt for Valuable Art Work ,26/09/2017,26/09/2017
Etsy Made in Canada Spring,09/06/2018,10/06/2018
Tree Fest Ottawa Fall Tree Festival ,23/09/2017,23/09/2017
Time Frame (Brazil) - Latin American Film Festival,29/04/2017,29/04/2017
Canada Wide Science Fair,16/05/2018,18/05/2018
Upcycled Rubber Feather Earrings,22/04/2018,22/04/2018
Heritage Walk - Lowertown East,24/06/2018,24/06/2018
Masters of the Celtic Harp,06/04/2018,06/04/2018
St Pius X High School 60th Anniversary Alumni Night,09/06/2018,09/06/2018
Voices of Women,04/10/2018,04/10/2018
Quantum: The Exhibition ,14/12/2017,01/04/2018
No Man's Land: The Art of Mary Riter Hamilton,29/11/2018,29/11/2018
"Inhale, Excel",02/02/2018,02/02/2018
Music for a Sunday Afternoon - Branford Marsalis,04/03/2018,04/03/2018
The Pop Shop All-Star Mega Fundraising Garage Sale and BBQ,03/06/2017,03/06/2017
Locura Latina Gala: 10 Year Anniversary,09/03/2018,09/03/2018
 Flower Nite,15/06/2017,15/06/2017
Richard Ahnert: Far and Wide,09/09/2017,23/09/2017
Road Waves CD Release Party,13/05/2018,14/05/2018
Romeo & Juliet,28/07/2017,28/07/2017
Children's Books for Socially Conscious Reading,08/12/2018,08/12/2018
Annual Historical Walking Tour: Life in 1867,10/09/2017,10/09/2017
Movie Night - Muppet Treasure Island,15/06/2018,15/06/2018
"CKCU Benefit Show with Sparklesaurus, leMeow and Death Metal Witch",01/11/2018,01/11/2018
Entangled Community work by Kim Vose Jones,22/09/2017,04/11/2017
In Terra Pax...a Christmas scene,14/12/2017,15/12/2017
Doors Open Ottawa 2018 - Fairfields Heritage Property,02/06/2018,03/06/2018
PHOTOttawa150 – Capital Time Capture,01/01/2017,31/12/2017
Songs With and Without Keys featuring Gretchen Martin,10/06/2017,10/06/2017
A Baroque Chorus,07/03/2018,08/03/2018
Father's Day Flashback ,18/06/2017,18/06/2017
Soirée d’information - Arts visuels et médias sociaux,02/11/2017,02/11/2017
Zanahoria (Operation Carrot) - Latin American Film Festival,12/05/2017,12/05/2017
The Common Cinema,27/11/2018,01/12/2018
The Wilderness / Deux Trois / TAXI - Mavericks - 9pm,21/10/2017,21/10/2017
Youth Infringement Theatre Festival 2017,09/05/2017,13/05/2017
Superheroes,26/05/2018,26/05/2018
57th Annual House and Garden Tour,12/05/2018,12/05/2018
"Krista Jane – ""Tomorrow"" EP release",28/06/2018,29/06/2018
Hintonburg Fabric Flea Market ,05/05/2018,05/05/2018
Scott Bradlee's Postmodern Jukebox,27/02/2019,27/02/2019
Ottawa Architecture Week,25/09/2017,30/09/2017
Canada Day at Cumberland Heritage Village Museum,01/07/2018,01/07/2018
"Opening Reception: Barbara Brown and Cynthia O'Brien – LifeCycle Conversations Judith Parker, curatorial collaborator",08/11/2018,08/11/2018
Ottawa Orchid Society Show and Sale,21/04/2018,22/04/2018
Fairy Tale Frightfest,21/10/2018,21/10/2018
Lawrence Krauss: From the Sun to the Universe: Your Hidden Connections to the Cosmos,22/10/2017,22/10/2017
Aashirvaad,07/06/2018,07/06/2018
Tune-Up and Roll Out,20/05/2018,20/05/2018
Safe Low Limit,13/10/2017,13/10/2017
Et l'aube chassant la nuit: 1 - Sharyar et Shéhérazade,09/01/2018,09/01/2018
Sip N Style 2017,19/10/2017,19/10/2017
Pierre Richardson - What's Big and Small at the Same Time?,16/08/2018,20/09/2018
Classical Marsalis,01/03/2018,02/03/2018
Ste-Quequepart,13/05/2017,13/05/2017
Salut d'Amour,10/02/2018,10/02/2018
Thunderstruck: Physical Landscapes,20/06/2018,27/01/2019
Touch a Truck Fundraiser,29/04/2018,29/04/2018
Art in Strathcona Park 2018,11/08/2018,11/08/2018
Ottawa Riverkeeper Gala,31/05/2017,31/05/2017
"Three at Noon: Chamber Music For Oboe, Violin, and Piano",27/10/2017,27/10/2017
Patricia Kenny: Rebirth,20/07/2018,22/08/2018
Food for Thought - Worms in Your Kitchen: The Hows and Whys of Vermicomposting,20/09/2018,20/09/2018
Capital Region Model Railway Tour,20/10/2018,20/10/2018
Kelly Grace: Between Light and Shadow,12/04/2017,29/04/2017
Shape and Place - Solo Exhibition of Rachael Wong,13/04/2017,03/05/2017
Romeo & Juliet,15/07/2017,15/07/2017
Romeo & Juliet ,05/07/2017,19/07/2017
Ottawa VERSeFest,20/03/2018,25/03/2018
Magical Village,25/11/2017,24/12/2017
In Between Remembering: Intergenerational Practice,27/07/2018,27/07/2018
This is Our Music,21/10/2017,21/10/2017
Ottawa Jazz Festival Benefit Concert ,08/03/2018,08/03/2018
Experience Mexico,05/05/2017,07/05/2017
Vintage Motorcycle Show,20/08/2017,20/08/2017
This Is A Christmas Concert by The Once with special guest Brad Fillatre,09/12/2017,09/12/2017
Centretown Community Pumpkin Carving Contest,29/10/2017,29/10/2017
Red Trillium Studio and Garden Tour,02/06/2018,03/06/2018
The Distinguished Citizen (Argentina) - Latin American Film Festival,06/05/2017,06/05/2017
Luminita Serbanescu - Back to Basics,15/06/2018,18/07/2018
Canada Day Tea,01/07/2017,01/07/2017
Ottawa Art Gallery (OAG) Opening Weekend,28/04/2018,29/04/2018
Handel's Messiah,22/12/2017,22/12/2017
M is for...,02/06/2018,02/06/2018
Sing with Festive Cheer Christmas Concert,07/12/2018,08/12/2018
Et l'aube chassant la nuit: 3 - Ali Shar et Zoumourroud,13/03/2018,13/03/2018
Toronto Symphony Orchestra,07/05/2018,07/05/2018
Canada Day at the Canada Science and Technology Museum,01/07/2018,01/07/2018
On a Different Note,04/03/2018,04/03/2018
Christamas concert by candlelight,15/12/2018,15/12/2018
Kevin Smith Magic Show,24/11/2017,24/11/2017
Lortie Plays Mozart,18/04/2018,19/04/2018
Let’s Dance,17/05/2018,19/05/2018
Pellegrini Opera Fundraiser,16/11/2017,16/11/2017
Nuit des idées - Les migrations climatiques,30/01/2019,30/01/2019
Canada Day Celebrations,01/07/2017,01/07/2017
Day of the Dead Festival & Parade,04/11/2017,04/11/2017
Swan River by Skeleton Key Theatre,14/09/2018,16/09/2018
BeYou Campaign with performance by Tara Shannon,23/09/2017,23/09/2017
WAVE,09/05/2017,03/07/2017
Abhijeet,14/07/2017,14/07/2017
Café-Croissant-Jaseries,24/09/2018,24/09/2018
Artist Studio Program (ASP) Open House ,29/09/2017,30/09/2017
"The Wilderness, Paper Ladies, The Maximum Chill, and Motherland",15/02/2018,15/02/2018
Doors Open Ottawa 2018 - Downtown,02/06/2018,03/06/2018
Maple tree tapping and opening of the Sugar Shack,16/02/2019,16/02/2019
Rhapsody Quintet at NAC Presents,14/11/2017,14/11/2017
All About the Tempo,29/04/2017,29/04/2017
Canada Day at the Ottawa Rowing Club,01/07/2018,01/07/2018
Karaoke Saturdays,09/06/2018,10/06/2018
Odyssey,23/10/2018,11/11/2018
Nhung Tinh Khuc Vuot Thoi Gian,21/10/2017,21/10/2017
La Parade du Crépuscule - Extraits et Présentation,02/06/2017,04/06/2017
Doc Walker,07/02/2019,07/02/2019
Panel Discussion - Wapikwanew: Blossom (Floraison),09/07/2017,09/07/2017
Blues with Robert Farrell,02/10/2017,02/10/2017
Ottawa Youth Orchestra: Concertos Galore!,30/04/2017,30/04/2017
Wiggle Waggle Walk & Run,09/09/2017,09/09/2017
A Matter of Will by Rod Carley - reading and signing,11/11/2017,11/11/2017
Finnish Legends,11/10/2017,11/10/2017
Fall Into Harvest,02/09/2017,10/09/2017
Cheese Soirée,28/11/2017,28/11/2017
Sharing Dance,24/06/2017,25/06/2017
Jay Dart: Meanwhile Back Over Yawnder,06/05/2017,28/05/2017
AquaVan 150 Canada Day Celebration,30/06/2017,02/07/2017
Candlelight Christmas Concert,05/12/2017,05/12/2017
Beechwood East Feast,09/09/2017,09/09/2017
RBC Canadian Painting Competition - Exhibit ,01/09/2017,22/10/2017
Pretty Archie Live,27/09/2017,27/09/2017
Doors Open Ottawa 2018 - Billings Estate National Historic Site,02/06/2018,03/06/2018
Play Your Part – Songwriters’ Circle ,10/11/2017,10/11/2017
Seniors' Day,05/05/2018,05/05/2018
2018 Gift of Art Show and Sale,17/11/2018,18/11/2018
Cowboy Junkies,03/02/2018,03/02/2018
Oktoberfest,26/10/2018,26/10/2018
Art in Strathcona Park,19/08/2017,19/08/2017
Canada Cares: International Development Week 2019 ,05/02/2019,05/02/2019
Ottawa International Animation Festival 2018 ,26/09/2018,30/09/2018
Riverside South Canada Day Celebrations 2017,01/07/2017,01/07/2017
Holodeck Follies,14/10/2017,14/10/2017
Our Winter Songs for You,08/12/2018,08/12/2018
Trans-Script,21/01/2018,22/01/2018
The Clean House by Sarah Ruhl,14/02/2018,06/03/2018
The Race to Save the Cheetah: Solutions Come from Community Conservation,26/10/2017,26/10/2017
Keepsake: Micah Adams and Amanda McCavour,10/05/2018,19/06/2018
Nick Maclean Quartet - Ottawa CD Release featuring Brownman Ali,17/02/2018,17/02/2018
CARP Ottawa Fall Event ,14/11/2018,14/11/2018
"4 Chefs, 4 Houses",02/12/2017,02/12/2017
Owl at Home,19/05/2017,19/05/2017
Rope for Hope - Make-A-Wish Eastern Ontario,15/06/2018,15/06/2018
Music for a Sunday Afternoon,21/01/2018,21/01/2018
Provender,02/05/2017,28/05/2017
Environmental Action Day,05/08/2018,05/08/2018
Ciné-club - Frantz,24/11/2017,24/11/2017
Baz'Art - Annual Holiday Arts Market,25/11/2017,26/11/2017
The World of Georges Brassens,29/04/2018,29/04/2018
ECM+ Generation 2018,06/11/2018,06/11/2018
Azucar! Open House!,30/04/2017,30/04/2017
Halloween on the Farm,28/10/2017,29/10/2017
Latin Sparks Festival ,09/06/2018,10/06/2018
Breakfast on the Rideau,20/09/2018,20/09/2018
Fête de plage,19/07/2017,19/07/2017
Celebration!!,13/05/2017,13/05/2017
"A Mix of Music for Recorders, Viols and Voices workshop",23/04/2017,23/04/2017
Boochfest,22/07/2018,22/07/2018
Holidays at The Parks,09/12/2018,10/12/2018
Gypsy Muse: The music of Django Reinhardt,22/04/2018,22/04/2018
Made with Love - Ottawa Regional Finals 2018,19/03/2018,19/03/2018
Thanksgiving on the Farm,07/10/2017,09/10/2017
Ennis Sisters Christmas Concert,04/12/2017,04/12/2017
Ottawa Children's Festival 2017,10/05/2017,14/05/2017
Global Pet Foods Kanata 9th Anniversary,12/05/2018,12/05/2018
Chowaniec Projects: Stardust,13/09/2017,14/10/2017
Ray Montford solo Concert,26/05/2018,26/05/2018
"Christmas CD release concert, flute and harp",18/11/2017,18/11/2017
Vivaldi and the Four Seasons,21/04/2018,21/04/2018
Rant Maggie Rant,18/01/2019,18/01/2019
Oceans of Harmony,30/04/2017,30/04/2017
TD Nature Nocturne: The Life Aquatic,28/04/2017,28/04/2017
Tree of Life Celtic Yule,09/12/2017,09/12/2017
Canada Day 2017 in Stittsville,01/07/2017,01/07/2017
Dave Gunning,24/03/2019,24/03/2019
Tina Therrien,08/09/2017,10/09/2017
Conference: Les bouleversements sociaux de la fin des années 60 ,28/05/2018,28/05/2018
OrKidstra Holiday Concert – Centretown Hub,19/12/2017,19/12/2017
" The Enlightened Screen: Hugh Gibson, The Stairs",14/10/2017,14/10/2017
Heritage Power,27/05/2018,27/05/2018
MOZAIK,10/06/2017,10/06/2017
Christian Tetzlaff,12/04/2018,12/04/2018
Opening Reception: Andrew Ooi - Anatomy of Resilience,08/02/2018,08/02/2018
Ciné-club - « Mal de pierres »,10/11/2017,10/11/2017
Festival of India,11/08/2017,13/08/2017
Savour the Moment,01/03/2019,01/03/2019
Venus & Adonis,26/05/2017,27/05/2017
Germany: Willkommen bei den Hartmanns (Welcome to the Hartmanns) (EUFF 2017),25/11/2017,25/11/2017
The Road Forward to One World Film Festival,07/09/2017,07/09/2017
La Chiperita (Paraguay) - Latin American Film Festival,06/05/2017,06/05/2017
See What Flowers Ottawa Book Launch,24/08/2017,24/08/2017
Q and A with the artist: Cheryl Pagurek – Fragile,18/11/2018,18/11/2018
Canada Day at the Canadian War Museum,01/07/2017,01/07/2017
Passion Week,25/03/2018,25/03/2018
Galatecha,20/10/2018,20/10/2018
DIGI60 Filmmakers' Festival Fall 2017 Doc & Scripted Nights,08/12/2017,09/12/2017
A. M. Benz: Achromatically Inclined,22/11/2018,08/01/2019
Educating Rita,20/09/2017,07/10/2017
Menopause The Musical,29/11/2017,02/12/2017
A Cantiamo Christmas,10/12/2017,10/12/2017
Film screening - Polina,05/04/2018,05/04/2018
A Starry Night,09/12/2017,09/12/2017
The Nutcracker,10/12/2017,10/12/2017
Verdant,04/09/2018,30/09/2018
Canada - The Land,08/07/2017,08/09/2017
CBET Sixth Annual BBQ Picnic and Family Fun Day ,23/07/2017,23/07/2017
Moonfruits Live,27/07/2017,27/07/2017
Shakespeare's Twelfth Night,18/01/2018,29/01/2018
Gryphon Trio with Nordic Voices,01/02/2019,01/02/2019
Sound the Trumpet,15/12/2018,15/12/2018
Angela Hewitt: Bach Odyssey VIII,18/01/2019,18/01/2019
Compendium,15/01/2019,31/03/2019
Breadology,01/10/2017,01/10/2017
Catch My Drift: Genevieve Scott with Jared Young,15/06/2018,15/06/2018
Just Voices - Solstice Concert ,21/06/2017,21/06/2017
Weird (Chile) - Latin American Film Festival,26/04/2017,26/04/2017
Reportage as Superpower: A Conversation with Emily Steel ,25/04/2018,25/04/2018
Ottawa School of Art Open House,09/09/2017,09/09/2017
Doors Open Ottawa at the Canada Council Art Bank,02/06/2018,02/06/2018
Art at your doorstep,17/05/2018,20/03/2019
Chamberfest Inaugural Gala,20/09/2018,20/09/2018
Mentalism and Hypnosis Comedy Show,15/06/2018,15/06/2018
St Helen's Old Fashioned Christmas Bazaar,10/11/2018,10/11/2018
Academy of St Martin in the Fields,02/10/2018,02/10/2018
The Senate Send-Off - Climb for Kids,22/06/2018,22/06/2018
Adèle Gauthier: Poétique,15/07/2018,21/08/2018
Ben Globerman - Musical performance and Q & A ,18/02/2018,18/02/2018
Bowie Lives,17/11/2018,17/11/2018
For the Love of Cheese,01/11/2017,30/11/2017
Mathieu Latreille,26/05/2017,26/05/2017
Lori Richards - Breathing Spaces,14/10/2017,30/10/2017
Denmark: Rosita (EUFF 2017),27/11/2017,27/11/2017
Four Cardinal Points (El Salvador) - Latin American Film Festival,29/04/2017,29/04/2017
2018 Walk for Arthritis,03/06/2018,03/06/2018
A Canadian Celebration,17/06/2017,17/06/2017
B in the Park,03/08/2017,03/08/2017
Mélanie Myers – Ce qui touche au sol (What Touches the Ground) ,14/12/2017,21/01/2018
Familiar - Erin Robertson ,15/11/2018,06/12/2018
Justin Duhaime Quartet plays the music of Django Reinhardt,21/07/2018,22/07/2018
Music at the Museum - Curtains Up!,03/02/2019,03/02/2019
Bicycle Film Festival,22/09/2018,22/09/2018
Ralph Nevins: Cirrus'ly,10/01/2019,12/02/2019
Sight-Sing with Success: Solving the mystery of the musical score workshop,01/10/2017,01/10/2017
Timekode: April 2018 with guest DJ Illo ,20/04/2018,20/04/2018
Launch Party: Beyond Planet Earth: The Future of Space Exploration Exhibition,05/05/2018,05/05/2018
Danielle Allard CD Release Party!,19/05/2018,19/05/2018
Stanley's Country Christmas Craft Fair,01/12/2018,02/12/2018
OrKidstra End-of-Year Concert,12/06/2018,12/06/2018
"j’adart, for the love or art!",03/05/2017,03/05/2017
Information Session,11/01/2018,11/01/2018
Favourite Arias,07/06/2018,07/06/2018
Climb For Kids Fatboys BBQ,23/03/2018,23/03/2018
Shae Dupuy Live in Concert,03/03/2018,03/03/2018
broken circle work by karine giboulo,09/02/2018,27/03/2018
Ciné-club - Chocolat,19/05/2017,19/05/2017
Sweden: The Square (EUFF 2017),20/11/2017,20/11/2017
Rhythm and Dance,14/01/2018,14/01/2018
Cheryl Pagurek – Fragile,11/10/2018,13/01/2019
"A musical tribute We Love Belafonte featuring Alex Cuba, David Myles, Florence K and Katie Moore",22/02/2019,22/02/2019
Inside the Orchestra,19/11/2017,19/11/2017
Classic Albums Live: AC/DC - Back in Black,21/11/2018,21/11/2018
Heritage Walk - Chinatown ,21/06/2018,21/06/2018
Ottawa Brahms Choir Christmas Concert 2017,03/12/2017,03/12/2017
Absolute 360,22/05/2017,22/05/2017
Colloque - 150 d'éducation francophone au Canada,24/05/2018,24/05/2018
Nature’s Glory,29/04/2018,29/04/2018
Indigenous Walk tour and birch bark biting - Wapikwanew: Blossom (Floraison),19/07/2017,19/07/2017
Craft Studio Sale and Christmas Bazaar,01/12/2018,01/12/2018
Khadija Baker - Behind Walls/Maps ,02/11/2017,03/12/2017
ArtWear Ottawa Show and Sale,28/10/2017,28/10/2017
Martini Madness,02/11/2017,02/11/2017
West Side Story Sing Along,29/04/2018,29/04/2018
Baz'art - Holiday Arts Market,24/11/2018,25/11/2018
2017 Anime Film Week,21/08/2017,25/08/2017
Camino Flamenco,11/08/2018,11/08/2018
Exposition photos - Au cœur de mai 68,14/05/2018,15/06/2018
TACTICS,20/04/2017,06/05/2017
Cowboy Junkies,11/10/2018,11/10/2018
Kallitechnis,25/01/2019,25/01/2019
2018 Capital Ukrainian Festival,20/07/2018,22/07/2018
Brent Butt ,07/02/2018,07/02/2018
Just Fore Dogs Third Annual Golf Tournament,18/08/2018,18/08/2018
One Thing Leads to Another,06/02/2019,10/02/2019
Vernissage: José Luis Torres – De l'horizontal au vertical (From Horizontal to Vertical),04/05/2017,04/05/2017
Closing the Gap: The Next 150,06/04/2018,07/04/2018
Pro Organo: Organist Philip Crozier in concert,26/10/2018,26/10/2018
Heritage Walk - Lowertown West,19/06/2018,19/06/2018
The Fun House,19/04/2017,19/04/2017
Songs and Sonnets with Steve Bell & Malcolm Guite,02/12/2017,02/12/2017
Taiwan Film Nights: Lokah Laqi (Hang in There Kids!),27/10/2017,27/10/2017
One Thing Leads to Another,07/03/2018,11/03/2018
Picnic at Park Hill,01/07/2018,01/07/2018
à la carte: The Food on Your Plate ,25/05/2017,25/05/2017
Tafelmusik Baroque Orchestra,22/03/2018,22/03/2018
Vernissage: Continuum - Karsh Award artists welcome a new generation ,14/09/2017,14/09/2017
Odyssey Theatre - Spreading Roots,04/06/2017,04/06/2017
Puppet Theatre Performance: Zoom at Sea,06/10/2017,08/10/2017
Second Annual Mad Crafters Tea Party and Market ,13/10/2018,13/10/2018
FOPLA Mammoth Book sale,21/04/2018,21/04/2018
Jennifer Anne Norman - Forest for the Trees,26/04/2018,04/07/2018
Pierre Guitard,03/05/2019,03/05/2019
Senior Men's Pan Am Cup - Volleyball ,25/07/2017,30/07/2017
Capital Burlesque Expo - Saturday Spectacle Supreme,20/05/2017,20/05/2017
World AIDS Day - Day With(out) Art,01/12/2017,01/12/2017
Guess How Much I Love You and I Love My Little Storybook,25/11/2017,25/11/2017
Mammoth Book sale,12/05/2018,12/05/2018
Will's Jams Live - Will Stroet,06/04/2019,06/04/2019
Broadway for Bruyère: School of Rock,27/09/2018,27/09/2018
Claire Hunter Live,07/02/2019,07/02/2019
Snaggle featuring Brownman Ali,19/08/2017,19/08/2017
The Passing of Time: Music for Oboe and Piano,03/02/2019,03/02/2019
Ray Montford in Concert,24/02/2018,24/02/2018
Post Productions at Maverick's,30/09/2017,30/09/2017
Panamerican Machinery (Mexico) - Latin American Film Festival,13/05/2017,13/05/2017
Artists' Talk: Anna Eyler and Nicolas Lapointe - void loop(),22/07/2018,22/07/2018
Fiona Annis – Mormorii (Murmurs),25/01/2019,17/03/2019
Father’s Day BBQ: From Grain to Glass,16/06/2018,16/06/2018
Natalie MacMaster and Donnel Leahy: a Celtic Family Christmas,16/12/2018,16/12/2018
Black & Bluegrass Fest 2017,05/08/2017,07/08/2017
The Great Trail Cross-Canada Connection Celebration,26/08/2017,26/08/2017
260 Fingers,09/11/2018,11/11/2018
International Migratory Bird Day Event,13/05/2017,13/05/2017
Big Wreck 'In Loving Memory Of' 20th Anniversary Tour ,27/01/2018,27/01/2018
Winterlude at the Bank of Canada Museum,02/02/2019,17/02/2019
Canadian Camera Conference - Canada Wild ,30/06/2017,30/06/2017
Plus Que du Théâtre,25/05/2017,25/05/2017
Hoppy Easter Family Event,24/03/2018,24/03/2018
Opening Reception: Kaleidoscope - 2018 Additions to the City of Ottawa Art Collection,13/12/2018,13/12/2018
Ottawa Watercolour Society: Brush and Water,10/01/2019,12/02/2019
Soirée Beaujolais nouveau (ou pas !),20/11/2017,20/11/2017
Come and meet the 2018 Governor General’s Literary Award winners,28/11/2018,29/11/2018
Unceded 2018: Indigenous and Latin Showcase,21/06/2018,22/06/2018
Do You Want to Live Forever?,08/06/2017,17/06/2017
The Spring Ottawa Craft Show,30/03/2019,31/03/2019
Justin Duhaime Quartet plays the music of Django Reinhardt,07/10/2018,07/10/2018
Fête de plage,12/07/2017,12/07/2017
An Old Fashioned Christmas,01/12/2017,02/12/2017
Spark Soirée,20/10/2018,20/10/2018
Settler Survival,17/06/2018,17/06/2018
The Way of the Cross,30/03/2018,30/03/2018
Ottawa Welcomes the World (Turkish Days) and Children's Day ,23/04/2017,25/04/2017
Celebrate Her: Expressions of the Feminine,07/04/2018,07/04/2018
"Ottawa Dolls, Toys, Teddies and Miniatures Show 2017",24/09/2017,24/09/2017
Et l'aube chassant la nuit : 4 - Hassan de Bassorah,10/04/2018,10/04/2018
Voices of Spring - Tribute Concert celebrating Luba Pope and Jadwiga Domanska,22/04/2018,22/04/2018
First Annual White Lake Ice Fishing Tournament ,19/02/2018,19/02/2018
Coco Love Alcorn - An Invitation To Sing Tour,15/10/2017,15/10/2017
Mini Book Sale,12/04/2017,12/04/2017
Wapikwanew: Blossom (Floraison),22/06/2017,30/07/2017
National Capital Network of Sculptors,22/04/2017,23/04/2017
RBC Race for the Kids,16/09/2018,16/09/2018
Le motton #1,14/01/2019,14/01/2019
Canadian Tulip Festival,11/05/2018,21/05/2018
"Ciné-club - Moi, Nojoom, dix ans, divorcée",29/09/2017,29/09/2017
"Ciné-club - Demain, tout commence",27/10/2017,27/10/2017
Tea With A Spot of the Classics,21/10/2018,21/10/2018
Nick Maclean Quartet featuring Brownman Ali,18/08/2018,18/08/2018
Raffi,28/09/2019,28/09/2019
Fairfields Kidsmas,08/12/2018,08/12/2018
Timekode 12-Year Anniversary with special guest DJ The Gaff,17/11/2017,18/11/2017
Jamie Anderson and Chris MacLean in concert,06/05/2018,06/05/2018
Neon Night Kemptville,22/09/2018,22/09/2018
Andrew Ooi - Anatomy of Resilience,08/02/2018,18/04/2018
"Behind the PR Scenes: Guy Laflamme, Ottawa 2017, Executive Director",28/11/2017,28/11/2017
Sneezy Waters and Vince Halfhide,28/11/2018,28/11/2018
Hertiage Walk - Little Italy,26/06/2018,26/06/2018
Instructors' Exhibition,03/08/2017,03/09/2017
Bug Day!,09/09/2017,09/09/2017
TOK Ottawa Symposium,30/11/2018,01/12/2018
Squash CF!,04/11/2017,04/11/2017
The Paper Bag Princess: A Musical,27/10/2018,27/10/2018
Instructors' Exhibition,04/08/2017,16/09/2017
The Christmas List - Le Trio BBQ and Le quatuor Vox A4,21/12/2018,21/12/2018
Origami with a Pro,19/05/2018,19/05/2018
Ottawa Earth Day Party,21/04/2018,21/04/2018
Walking Out of War book signing,19/05/2017,19/05/2017
Atelier-conférence: À la recherche d'actes notariés dans les bases de données,25/05/2017,25/05/2017
Kitchissippi Flotilla: Ottawa Rowing Club 150th Anniversary Celebration,17/06/2017,17/06/2017
Romeo & Juliet,06/07/2017,06/07/2017
Stepping Out for Dress for Success Ottawa,08/06/2017,08/06/2017
Disney in Concert: A Dream is a Wish,14/12/2017,16/12/2017
Zachary Stevenson's Tribute to Buddy Holly,16/03/2018,16/03/2018
Shelley and Brahms’s Second,22/03/2018,23/03/2018
Carp Christmas Craft Sale,18/11/2017,18/11/2017
Django Libre Concert for World Music Day,20/06/2017,20/06/2017
Ayiti Mon Amour - Latin American Film Festival,13/05/2017,13/05/2017
Diyet and The Love Soldiers,30/03/2019,30/03/2019
The Luck of Ginger Coffey,29/10/2017,29/10/2017
"Film Screening - ""Un sac de billes"" (2017)",08/02/2018,08/02/2018
"Ottawa’s Mysterious Maverick, Frank Cole Screening I",30/09/2017,30/09/2017
Dance - benefit for Canadian Guide Dogs,29/04/2017,29/04/2017
Bonsai Art Exhibition,09/09/2017,10/09/2017
Megan Bonnell,29/03/2019,29/03/2019
Sheep Shearing Festival,19/05/2018,20/05/2018
Canada Day at the National Gallery of Canada,01/07/2017,01/07/2017
The Creative Studio Grand Opening,02/12/2017,02/12/2017
Cosmos Saxophone Quartet,22/04/2018,22/04/2018
Veterans Showcase In the Tradition of Service,18/05/2017,18/05/2017
Wings for Clowns,16/09/2017,16/09/2017
Food for Thought Lecture Series: A year in the life of a small-scale sheep dairy,24/01/2019,24/01/2019
Forever Against Animal Testing (FAAT) Pet March,28/05/2018,28/05/2018
Bang Hai Ja < Chant of Light>,16/03/2018,15/08/2018
"Conteuse - Tristan et Iseut, Conté par Stéphanie Beneteau",27/09/2017,27/09/2017
Kaleidoscope - 2018 Additions to the City of Ottawa Art Collection,06/12/2018,30/01/2019
60e anniversaire du CRCCF,30/01/2019,30/01/2019
Kanata Symphony Orchestra O-Train Ball,18/11/2018,18/11/2018
Bloomsday Afternoon Tea,16/06/2018,16/06/2018
Spring Vintage Pop-up Shop,14/04/2018,14/04/2018
Knox Annual Harvest Bazaar,27/10/2018,27/10/2018
VASA SENSUM: Kye-Yeon Son Retrospective Exhibition - Artist Talk and Vernissage,04/05/2017,04/05/2017
Culture Days,29/09/2018,30/09/2018
Futur Composé: New works by Anne-Sophie Vallée,29/06/2017,29/06/2017
European Soundscape,25/11/2017,25/11/2017
The GCTC Prologue,01/11/2017,01/11/2017
Design a Sign Workshop,10/03/2018,10/03/2018
Ottawa Carleton Choristers' Chsitmas Concert,08/12/2018,08/12/2018
What Sweeter Music: John Rutter Choral Reading,09/06/2018,09/06/2018
Shiverfest,26/01/2018,27/01/2018
Latin Expo 2018,18/11/2018,18/11/2018
Sam Kirmayer Trio featuring Ben Paterson,15/09/2018,15/09/2018
California Wine Fair,19/04/2018,19/04/2018
Tonight's for Tanzania,04/11/2017,04/11/2017
Westboro Trunk Show ,10/06/2017,10/06/2017
Canada's Kitchen,10/06/2017,10/06/2017
Double Bill: Adult Entertainment and The Maids ,24/11/2017,26/11/2017
Spring  Romance,02/06/2018,02/06/2018
Metamorphoses,15/10/2017,15/10/2017
Alice Sara Ott Plays Grieg,31/01/2018,31/01/2018
"Spring craft, bake and rummage sale",28/04/2018,28/04/2018
Rufus Wainwright,23/05/2019,23/05/2019
Amanda Martinez,05/04/2019,05/04/2019
Flashmob Flamenco,14/06/2018,14/06/2018
"Running on Empty: Canada and the Indochinese Refugees, 1975–1980",17/05/2017,17/05/2017
"Ottawa’s Mysterious Maverick, Frank Cole Screening II",30/09/2017,30/09/2017
The Debaters,12/02/2019,13/02/2019
Gatineau Riverfest,17/06/2017,17/06/2017
Mélange,02/05/2017,02/05/2017
China’s National Centre for the Performing Arts Orchestra,12/11/2017,12/11/2017
Dungeon 004,28/04/2017,29/04/2017
Best of Broadway,26/04/2018,28/04/2018
TIMEKODE: June Edition,16/06/2017,16/06/2017
Artist talk: Nathalie Quagliotto - Safety Measures,07/04/2019,07/04/2019
IF the Walls Could Talk,03/11/2017,12/11/2017
Joseph Edgar,21/02/2019,21/02/2019
New Leaf Community Challenge 2017,22/11/2017,22/11/2017
Easter at the Estate,31/03/2018,31/03/2018
Paint-a-Pony fundraiser,24/09/2017,24/09/2017
Roger Ballen: There Is No Outside,14/07/2018,23/09/2018
Step into the Studio,29/09/2018,29/09/2018
Legends & Folklore,18/06/2017,18/06/2017
Vernissage,02/12/2018,02/12/2018
 Provincial Guidelines for Epilepsy Care,11/06/2018,11/06/2018
University of Ottawa MFA candidates - Thesis exhibitions - Kizi Spielmann Rose - Pulse,10/08/2017,10/08/2017
Ottawa Rhythm Festival 2017,14/07/2017,14/07/2017
Galant! With elegance and poise! ,23/02/2018,23/02/2018
The Subject is Light,04/05/2018,04/05/2018
Ben Caplan,10/04/2019,10/04/2019
Superheroes and Balloons,11/10/2017,11/10/2017
Fire Fighter Day,03/06/2017,03/06/2017
Home Lands,07/08/2018,02/09/2018
Celebrating Women in Music,25/03/2018,25/03/2018
Unleashed: The Social Enterprise Event,16/11/2017,16/11/2017
Lisa Brokop Presents: Legendary Ladies of Country Featuring Patricia Conroy & Amanda Wilkinson,02/04/2019,02/04/2019
L'Éveil,07/04/2018,07/04/2018
Colonel Altıkat and Fallen Diplomats Memorial Service ,27/08/2017,27/08/2017
Little Voice Books Turns 3,02/12/2017,02/12/2017
Justin Duhaime Quartet featuring Jason Anick,05/01/2019,05/01/2019
Trivial Beersuit,02/03/2018,02/03/2018
Winter Concert,24/02/2018,24/02/2018
PD Day: Trolleys to Transitways ,18/05/2018,18/05/2018
Fairfields Victorian Christmas,08/12/2018,08/12/2018
Natural Women - Art Exhibition ,20/04/2018,22/04/2018
Robert Charlebois,12/10/2019,12/10/2019
Brewmaster's Dinner,25/07/2017,25/07/2017
CPAWS Soirée,14/11/2018,14/11/2018
Quilt Show,11/05/2018,13/05/2018
Les Misérables...et autres moments comiques de la scène,26/05/2018,26/05/2018
Home for Christmas,02/12/2018,03/12/2018
The Ottawa Humane Society Garden Party,21/06/2017,21/06/2017
Laurier House Whiskey Tasting,07/09/2018,07/09/2018
Christmas with Matt Andersen,20/12/2018,20/12/2018
Vintage Car Show,18/06/2017,18/06/2017
Gatineau Hot Air Balloon Festival,31/08/2017,04/09/2017
Classy Brass!,12/11/2017,12/11/2017
Gatineau - Ottawa Reptile Expo,04/06/2017,04/06/2017
Ray Montford in Concert,11/11/2017,11/11/2017
Sherlock Holmes and the Case of the Jersey Lily,02/05/2018,19/05/2018
Artist talk: Jordan Seal – Wealth of the Eternal Garden,25/03/2018,25/03/2018
Mother’s Day Family Picnic,14/05/2017,14/05/2017
Hertiage Walk - Little Italy,28/06/2018,28/06/2018
Crystal Shawanda Christmas Concert ,21/12/2017,21/12/2017
Yaki's Rockin' & Hoppin' Sing-Along,03/11/2018,03/11/2018
Tales of the Arabian Nights,20/02/2018,21/02/2018
Silver and Gold (Night 1 and 2),14/12/2018,15/12/2018
Heritage Day,19/02/2019,19/02/2019
Hope Air Fundraising Concert,16/06/2017,17/06/2017
FOPLA Mammoth Book sale,09/02/2019,09/02/2019
Ottawa Stroll for Liver,09/06/2018,09/06/2018
LeBreton Flats:  An Archaeological Tour,12/08/2018,12/08/2018
The Mill Night Shift,21/06/2018,20/09/2018
Substantive Editing,16/10/2017,16/10/2017
INcarcinoma: A Poetic Outline Pop Up Show,24/01/2019,24/01/2019
Ottawa Youth Orchestra Academy Mini Concert,06/05/2018,06/05/2018
A Christmas Journey,09/12/2017,09/12/2017
FOPLA Mammoth Book sale,08/12/2018,08/12/2018
Ottawa Sound Wave Hosted by @HWayz,07/07/2017,07/07/2017
Make-A-Wish Rope For Hope,03/06/2017,03/06/2017
Rise Up Singing Voices Together,21/04/2018,21/04/2018
Make Believe - Magic of your Mind,10/11/2018,10/11/2018
Fluid Art Exhibit by Raelene Bergen Harder,22/06/2018,22/06/2018
Celebrate Africa!,11/02/2018,11/02/2018
Tribute to Leonard Cohen in Russian,28/01/2018,28/01/2018
Opera Candy : The Gourmet Adventures of Hansel and Gretel,24/03/2019,24/03/2019
Makers at the Museum: Mother’s Day Relaxation Workshop,13/04/2018,13/05/2018
Ottawa Canada-China Film festival,14/11/2018,05/12/2018
Re[place] Re[collect] Book Launch,22/10/2017,22/10/2017
Ottawa Showcase Volume 2,07/12/2018,07/12/2018
Meet the 2017 GGBooks Winners in Ottawa!,30/11/2017,30/11/2017
Romeo & Juliet,21/07/2017,29/07/2017
Ballade transcanadienne,25/10/2018,25/10/2018
Summer Solstice Indigenous Festival and Competition Pow Wow 2018,21/06/2018,24/06/2018
Japan Film Festival: Kimi wa iiko (Being Good),04/11/2017,04/11/2017
Capital Catwalk 2019,02/02/2019,02/02/2019
Blink,04/04/2018,14/04/2018
Steve's 1926 Ottawa Skate,26/01/2019,26/01/2019
7th Annual New Year's Eve Comedy Night - Show only,31/12/2017,31/12/2017
A+ Exhibition,16/03/2018,13/04/2018
"Emanuel Ax’s ""Emperor Concerto""",23/05/2018,24/05/2018
Family Day on the Farm,19/02/2018,19/02/2018
Ballet Wild Grass,29/09/2017,29/09/2017
Strings!,27/05/2017,27/05/2017
Office Hours by Norm Foster,17/11/2017,25/11/2017
Canada Day at the National Arts Centre,01/07/2017,02/07/2017
Halloween Hijinks,29/10/2017,29/10/2017
An Evening of Laughter,13/07/2018,13/07/2018
Ezra Jordan Tour 2018,02/02/2018,02/02/2018
Victorian High Tea Party,01/10/2017,01/10/2017
613Flea,21/04/2018,21/04/2018
White Glove Tour,01/07/2017,31/08/2017
René Price - The Art of City Building,12/07/2018,12/07/2018
Royal Wood with special guest Elise LeGrow,01/12/2018,01/12/2018
Bullied to Breaking Point - Film Premiere,30/05/2018,30/05/2018
An evening with Kenyan Peacemaker Alice Wairimu Nderitu,16/11/2017,16/11/2017
Amazing Strings Around the World,08/04/2018,08/04/2018
¡Fiesta Latina! - Latin American Film Festival Launch Party,12/04/2017,12/04/2017
Fisher Park Christmas Craft Market,02/12/2017,02/12/2017
"Kahise, Kubu na Kazoza",16/06/2018,16/06/2018
Orléans Craft Beer Festival,07/06/2018,09/06/2018
Doors Open Ottawa 2017,03/06/2017,04/06/2017
Josée Desjardins: My Mother’s Dress and My Father’s Pipes,19/04/2018,08/05/2018
Sir John A. MacDonald - The Musical,02/11/2017,04/11/2017
Forum Lecture: The Small Architectural Practice,19/11/2018,19/11/2018
2018 Petro-Canada Sport Leadership Conference,08/11/2018,10/11/2018
Ciné-Discussion Night with Marie-Josée Massicotte,15/11/2017,15/11/2017
"Spring is in the Art, fine art show and sale",28/04/2018,06/05/2018
We Remember,05/11/2018,05/11/2018
Belgium: Baden Baden (EUFF 2017),26/11/2017,26/11/2017
Conférence - Découverte du fonds Église catholique-chrétienne,28/05/2017,28/05/2017
Westfest 2017,02/06/2017,04/06/2017
007 Casino Night Fundraiser,29/06/2018,30/06/2018
Canterbury High School Community Fun Fair,05/05/2017,05/05/2017
Lauren & Amanda Do It,24/11/2017,25/11/2017
007 Casino Night Fundraiser,18/08/2018,19/08/2018
"Ciné-club - Fidelio, L'odyssée d'Alice",13/10/2017,13/10/2017
Hop into Spring,31/03/2018,31/03/2018
Sand Mandala 2018,11/10/2018,13/10/2018
Opening Reception: Pierre Richardson - What's Big and Small at the Same Time?,30/08/2018,30/08/2018
Rob Frayne's Drumswamp,03/03/2018,03/03/2018
Hello Studios Launch Party,11/05/2018,11/05/2018
Boxing Day Comedy Blowout!,26/12/2018,26/12/2018
Christmas Craft Market,17/11/2018,02/12/2018
Matthew Good,02/03/2019,02/03/2019
Red and White Ball,12/07/2018,12/07/2018
Great Big smalls XIII,28/11/2017,31/12/2017
Strum,08/02/2019,08/02/2019
Fourteenth annual National Jewellery Student Competition,24/08/2017,24/08/2017
Canada Day at the Supreme Court of Canada,01/07/2017,01/07/2017
Doors Open Ottawa 2018 - Cumberland Heritage Village Museum,02/06/2018,03/06/2018
Doug Paisley,30/03/2019,30/03/2019
Young At Art: Trinity Art Gallery,25/04/2019,18/05/2019
Canada 150 Maker Market,02/07/2017,02/07/2017
Canada Day in the Park: 150 Years in Pineview,01/07/2017,01/07/2017
Roddy Ellias and Lorne Lofsky concert,28/04/2017,28/04/2017
Der Rosenkavalier,03/02/2018,03/02/2018
Fête Frissons,03/02/2018,03/02/2018
Latvia: Mellow Mud (EUFF 2017),24/11/2017,24/11/2017
Impromptu - Harp Recital,10/06/2018,10/06/2018
ORAPEX - Ottawa's National Stamp Show,05/05/2018,05/05/2018
Ottawa Grassroots Festival,26/04/2018,29/04/2018
Finland’s Rajaton In Concert,06/10/2017,06/10/2017
Ateliers de danse intergénérationnels ado et 60 ans +,24/05/2017,26/05/2017
The Ennis Sisters,07/04/2019,07/04/2019
The Walrus Talks,28/11/2017,28/11/2017
Algonquin Park: Natural Histories,04/07/2017,30/07/2017
Doors Open Ottawa 2018 - Pinhey's Point Historic Site,02/06/2018,03/06/2018
Much Ado About Nothing,16/11/2018,24/11/2018
Fourteenth Annual Natsu Matsuri Summer Festival,22/07/2018,22/07/2018
Sir András Schiff,23/10/2017,23/10/2017
Ottawa Geek Market,30/09/2017,01/10/2017
Market Days - Pop-up Shop,12/05/2018,12/05/2018
The Music of Star Wars,21/12/2018,23/12/2018
"Joey Wright - Country, Music Tour",14/11/2017,14/11/2017
Compagnie ODD,21/09/2017,22/09/2017
Family Day at the Museum,19/02/2018,19/02/2018
Romeo & Juliet,13/07/2017,27/07/2017
Resonations,06/03/2018,01/04/2018
Education for Africa Family Variety Show,15/10/2017,15/10/2017
WE Day Canada,02/07/2017,02/07/2017
Canada Parks Day,15/07/2017,15/07/2017
Doin' it Right: Correct Grammar and Punctuation,21/09/2017,21/09/2017
Ready for Rain Workshops,18/10/2018,20/10/2018
Achromatically Inclined Opening Reception,25/11/2018,25/11/2018
Arise – Rise of the Indie-author,07/07/2018,07/07/2018
Scotiabank Giller Prize: Between the Pages Author Panel,01/11/2017,01/11/2017
The Nutcracker ,08/12/2017,10/12/2017
St Helen's Old Fashioned Christmas Bazaar,04/11/2017,04/11/2017
Faces of Humanity,19/05/2018,23/05/2018
Sogetsu Ikebana Exhibition,23/06/2018,24/06/2018
Teal Tailgate Party 2017,02/09/2017,02/09/2017
Beijing Tourism,08/10/2017,08/10/2017
Art in the Park,12/08/2017,12/08/2017
TIMEKODE: with Special Guest DJ Ruby Jane ,21/04/2017,22/04/2017
Shamrock & Roll,17/03/2018,18/03/2018
"Noyze, Hoozbah, Josephine Leone",01/03/2018,01/03/2018
Eternal Light,17/03/2018,17/03/2018
Nursing a Grudge,13/08/2017,20/08/2017
Festival Flamenco Capitale 2018,14/06/2018,16/06/2018
The Telegrams at Irene's Pub,28/08/2017,28/08/2017
Estival-Celebrating Summer,02/06/2017,02/06/2017
Bobby Bazini,30/05/2019,30/05/2019
Ciné-club - Le roi et l'oiseau,18/12/2017,18/12/2017
Japan Film Festival: Pekorosu no haha ni ai ni iku (Pecoross’ Mother and Her Days),10/11/2017,10/11/2017
JW-Jones cd release party,28/09/2018,28/09/2018
Navigating the Complexities of Health Care,12/05/2018,12/05/2018
Justin Duhaime Quartet plays the music of Django Reinhardt,28/10/2018,28/10/2018
Orkidstra Holiday Concert,18/12/2018,18/12/2018
Twenty-Five: Ireland’s National Card Game,20/05/2018,20/05/2018
Ireland: In the Name of Peace - John Hume in America (EUFF 2017),26/11/2017,26/11/2017
"Water Conversations with Karen Lawson: ""Water, Indigenous Women's Health, and Environmental Violence""",13/12/2017,13/12/2017
Casino Lac-Leamy Sound of Light Fireworks at the Bytown Museum,04/08/2018,18/08/2018
Singalong Sound of Music,29/12/2018,30/12/2018
Queen Bee Party,19/08/2017,19/08/2017
The Brothers Grimm Spectaculathon ,16/11/2017,19/11/2017
Firefighters’ Day,02/06/2018,02/06/2018
detroitus masks,05/03/2018,05/03/2018
Opening Reception: Jennifer Anne Norman - Forest for the Trees ,26/04/2018,26/04/2018
Ben Globerman – Call to Prayer,17/01/2018,14/03/2018
Mono Con Gallinas (Open Wound) - Latin American Film Festival,10/05/2017,10/05/2017
The Ottawa Bachata Festival 2019,15/02/2019,15/02/2019
Strawberry Social,06/07/2017,06/07/2017
Book Signing with Michel Weatherall,14/04/2018,14/04/2018
ITR Theatre Presents,09/11/2018,18/11/2018
Twin Flames: Tracks in the Snow ,08/10/2017,08/10/2017
Uncork the Cure,19/10/2017,19/10/2017
Ottawa Welcomes the World: Japan Festival,15/10/2017,15/10/2017
Brahms’s First Piano Concerto,04/04/2018,06/04/2018
A Renée Landry Christmas: The Best of the Holidays ,16/12/2017,16/12/2017
Monster Making! Sculpture and Storytelling with Art in Jest,19/04/2018,19/04/2018
TimeLess,11/10/2018,12/10/2018
Lauren & Amanda Do It,08/06/2017,16/06/2017
Arsenic and Old Lace,25/10/2017,11/11/2017
Ricky Skaggs and Kentucky Thunder,17/10/2018,17/10/2018
Dief the Chief: October 62,03/12/2017,03/12/2017
The Penultimate Problem of Sherlock Holmes,23/11/2018,01/12/2018
'Canada 150' Spring Concert 2017,30/04/2017,30/04/2017
Emotional Design Psychology & Neuroscience,17/05/2018,17/05/2018
Florian Hoefner Trio,19/03/2019,19/03/2019
5K Foam Fest,28/07/2018,28/07/2018
Verse,06/04/2017,07/04/2017
Peter Pan,12/05/2018,12/05/2018
Blackburn Hamlet Cancer Chase,14/10/2018,14/10/2018
True North,16/09/2017,16/09/2017
Tastes of Wellington West,16/09/2017,16/09/2017
Alexandra Stréliski,22/03/2019,22/03/2019
Peanut Butter & Dragon Book Signing,24/06/2017,24/06/2017
Heritage Day,20/02/2018,20/02/2018
Crystal Beshara - Songs of the Sea,28/04/2017,20/05/2017
Ice Cream Festival ,16/07/2017,16/07/2017
Gentiane MG Trio,28/03/2019,28/03/2019
Westboro Vintage Pop Up Shop,18/11/2017,18/11/2017
Ottawa Fire Truck Pull,28/10/2018,28/10/2018
Arteast: Mosaic,10/02/2019,19/03/2019
The Hidden Folk -  Faerie Lore in Music and Story Telling,22/04/2018,22/04/2018
Wapikoni Film Screening - Indigenous issues and traditions,14/11/2017,14/11/2017
Freedom's Halloween Bash,28/10/2017,28/10/2017
Wakefield - La Pêche Writers Festival,12/05/2017,14/05/2017
New Orford String Quartet,17/11/2018,17/11/2018
Celebrate the Season with Matt Duchene,14/12/2017,14/12/2017
Bad Axe Throwing’s Annual Holiday Fundraiser for Families in Need!,10/12/2017,10/12/2017
Roch Voisine,28/02/2019,28/02/2019
Holiday programming at the Canada Aviation and Space Museum,26/12/2017,07/01/2018
Kanata Art Club Christmas $100 and Under Sale,24/11/2018,25/11/2018
11th Annual Great Pumpkin Charity Ball,28/10/2017,28/10/2017
"BFGs, Lindbergh Babies and Destroyer Scence",12/08/2017,12/08/2017
RCMP Canadian Sunset Ceremonies - Canada 150 edition,23/06/2017,25/06/2017
Heritage Ottawa Walking Tour: Lowertown East,20/08/2017,20/08/2017
Doors Open Ottawa 2018 - Central,02/06/2018,03/06/2018
GoSalsa 12th Christmas Gala Extravaganza,17/11/2018,18/11/2018
Animals Rock 2017,21/07/2017,21/07/2017
Kaleigh Watts - Hung Me Dry Album Release Show,21/05/2017,21/05/2017
Amazing Thailand Festival 2018,05/08/2018,05/08/2018
Light the Night Walk,21/10/2017,21/10/2017
Tales of a Charlie Brown Christmas,12/12/2017,12/12/2017
Taiwan Film Nights: Go Grandriders,03/11/2017,03/11/2017
The Vanished Elephant (Peru) - Latin American Film Festival,12/05/2017,12/05/2017
Ottawa Scandalous,26/10/2017,26/10/2017
Charly in the Desert,10/02/2018,10/02/2018
FOPLA Mammoth Book sale,15/09/2018,15/09/2018
Seven: A documentary play,24/04/2017,24/04/2017
Nelly Matorina : Don't Forget to Call,27/07/2018,28/07/2018
North of Nightfall Screening,23/08/2018,23/08/2018
Presentation and Book signing by Sculptor Ruth Abernethy,09/07/2017,09/07/2017
Christmas in the Valley Artisan Show,03/11/2018,04/11/2018
Nancy Halpin: River's Edge,18/10/2018,20/11/2018
Propeller Dance Community Day 2018,02/12/2018,02/12/2018
The Doo Wop Project,15/03/2018,17/03/2018
Lucid Dreams,25/05/2018,10/06/2018
The Ottawa Home and Remodelling Show,17/01/2019,20/01/2019
Gutsy Walk,04/06/2017,04/06/2017
Songbird,03/06/2017,03/06/2017
Kabeshinàn Minitig Pavillion Exhibit,07/07/2017,30/11/2017
JW-Jones,08/09/2017,08/09/2017
Russian Masterpieces,02/05/2018,03/05/2018
Lang Lang in Recital,27/02/2018,27/02/2018
Break Free 5K,17/06/2017,17/06/2017
SouthAsianFest,11/08/2017,20/08/2017
She's The Change,24/03/2018,24/03/2018
leMeow and Crystalena,08/06/2018,08/06/2018
Vernissage: Longevity - 2017 Additions to the City of Ottawa Art Collection,16/11/2017,16/11/2017
Mid-Winter Challenge,02/02/2019,16/02/2019
Data Day 5.0,27/03/2018,27/03/2018
Erth's Prehistoric Aquarium Adventure,28/03/2019,28/03/2019
"Ginny, Casa Lagarto, Bitter North",01/12/2018,01/12/2018
Curiosity on Stage - Let's do laundry like it's 1918! Why do curators collect artifacts?,02/06/2018,02/06/2018
Artist Talk and Walk About - René Price – The Art of City Building,19/08/2018,19/08/2018
"Fact of Fiction: Gossip, scandals and scantily clad puppies! ",24/07/2018,26/07/2018
YogiWino Summer Finale,16/09/2017,16/09/2017
Beauty and the Beast Pantomime,09/11/2017,12/11/2017
Hanging Terrarium Workshop,23/03/2018,23/03/2018
Authentic Wreath Making Workshop,27/11/2018,27/11/2018
Beethoven’s Ninth,20/09/2017,21/09/2017
Mammoth book sale,20/01/2018,20/01/2018
Mélanie E. - The Year I Became Me,27/05/2018,27/05/2018
Ask Women Anything - Women Disrupting the Film Landscape,31/05/2018,31/05/2018
Jordan Seal - Wealth of the Eternal Garden ,22/03/2018,24/07/2018
Canadian Liver Foundation LIVERight Gala,11/11/2017,11/11/2017
Science Odyssey Funfest,13/05/2017,13/05/2017
The GCTC Prologue,12/04/2017,12/04/2017
The Steve Berndt Quartet,24/11/2017,24/11/2017
PAF-FAS Open House                                                                                                                                                          and Artist Research and Development Venue launch ,01/06/2017,04/06/2017
Odawa's Annual Aboriginal Art Auction,25/11/2017,25/11/2017
Just About Everything,01/08/2017,03/09/2017
Your Inner Engineer: Bridge Building,20/05/2018,20/05/2018
Close to You: Celebrating the Music of the Carpenters,10/11/2018,10/11/2018
Popular Mechanics,18/06/2017,18/06/2017
Le Vent du Nord,29/03/2019,29/03/2019
Festa Italiana,14/04/2018,14/04/2018
TEDxKanata,01/03/2018,01/03/2018
Mischa Maisky,08/05/2019,08/05/2019
Outside I'm A Giant,02/02/2019,02/02/2019
"Prévert, Piano and Poetry (Season 2) - Alexandre Prévert",31/03/2018,31/03/2018
Lunch and Learn Talk with Alex Benay on Canadian Failures,04/12/2017,04/12/2017
Atomic Love - A Touring Wine and Cheese Tasting,16/02/2019,16/02/2019
Canada Day at the Ottawa Rowing Club,01/07/2017,01/07/2017
Christmas in Kanata,16/12/2017,16/12/2017
Haunt Nights,18/10/2018,20/10/2018
Angélie’s Shoes,14/10/2017,14/10/2017
Opening Reception: Jordan Seal - Wealth of the Eternal Garden ,26/04/2018,26/04/2018
Nathalie Quagliotto - Safety Measures,07/02/2019,10/04/2019
Fifty-Five Plus Lifestyle Show,21/09/2018,22/09/2018
Johnny Reid: Home for the Holidays with the NAC Orchestra,21/12/2018,21/12/2018
The Sorority: Pledge Tour,23/05/2018,23/05/2018
Take Care Healthy Mindset,14/10/2017,14/10/2017
Opening Reception: Cheryl Pagurek – Fragile,11/10/2018,11/10/2018
All That Jazz,04/07/2018,04/07/2018
Historic Places Day,08/07/2017,08/07/2017
An Inspector Calls,10/01/2018,27/01/2018
Australian Blues Master - Lloyd Spiegel,01/09/2017,01/09/2017
Like A Boss EP Release ,19/01/2019,19/01/2019
Longfields Manor Spring Sale,12/05/2018,12/05/2018
Clara Kim - Passion within White Space,14/04/2018,08/06/2018
Tea With A Side of Holly,16/12/2018,16/12/2018
Inspirations Art Show and Sale,18/11/2017,19/11/2017
"A World of Carols, Cantiamo Choirs of Ottawa Concert",16/12/2018,16/12/2018
"Vernissage: Something old, something new",07/12/2018,07/12/2018
Romeo & Juliet,22/07/2017,22/07/2017
Made in Cuba: Lizt Alfonso Dance Cuba,22/02/2019,22/02/2019
Don Brownrigg and Kim Harris,18/04/2019,18/04/2019
Hibernal Incantations - Dual CD Release,16/12/2017,17/12/2017
Old Homes Earth Day Event,21/04/2018,21/04/2018
Heritage Walk - Chinatown ,23/06/2018,23/06/2018
JW-Jones,10/11/2017,10/11/2017
4th ODD Dance Class Marathon FUNdraiser,29/04/2017,29/04/2017
Nomad'Stones,01/02/2019,01/02/2019
BAPS Diwali and Annakut Celebration,18/11/2018,18/11/2018
Move Over Mrs. Markham,06/06/2018,23/06/2018
Canadian Centennial Choir 50th anniversary concert ,07/05/2017,07/05/2017
The Chris Timms Comedy Cabaret,19/11/2017,19/11/2017
Winter Wonderland Vintage Pop-up,08/12/2018,08/12/2018
Nicholas Crombach - Captured,12/10/2017,19/11/2017
Mario Cerroni: Double Vision,18/11/2018,10/02/2019
Glad Tidings,03/12/2017,03/12/2017
Vintage Car Show,17/06/2018,17/06/2018
Princess and Superhero Dance Party ,11/02/2018,11/02/2018
Fifty-Five Plus Lifestyle Show,15/09/2017,16/09/2017
Tour with the artist (in French): José Luis Torres – De l'horizontal au vertical (From Horizontal to Vertical),28/05/2017,28/05/2017
Bazaar and Art Show,27/10/2018,27/10/2018
Heritage Power,28/05/2017,28/05/2017
Sibelius’s First Symphony,03/10/2017,03/10/2017
Outrage: The McGonigle Murders,22/09/2017,30/09/2017
Megan Jerome,02/03/2018,02/03/2018
Ottawa’s Small Business eSAX Networking Tradeshow,18/10/2017,18/10/2017
Eight Decades of Fashion,02/03/2019,02/03/2019
Fall into Vintage at Makerspace north,15/09/2018,15/09/2018
Cabane à sucre,01/02/2018,29/04/2018
Haunted House on the Hill,12/10/2018,27/10/2018
Sanjay Sundram: Silent Cities,23/08/2018,18/09/2018
Mozart à la Haydn,10/05/2018,11/05/2018
Cycle for Sight,19/08/2018,19/08/2018
Sons of Pluto at Backdrop with special guest Crystalena,26/08/2017,26/08/2017
Mud Hero,04/06/2017,04/06/2017
Kira Isabella,17/05/2018,17/05/2018
Archaeology Month: Behind-the-scenes Facility Tours,01/08/2018,29/08/2018
Justin Duhaime Gypsy Jazz Duo with Andrew Tesolin,20/10/2017,24/11/2017
 Flower Nite,20/06/2017,20/06/2017
Indigenous Writers’ Gathering,05/06/2018,05/06/2018
Lest We Forget,11/11/2017,11/11/2017
Amos the Transparent,05/04/2019,05/04/2019
Kitchi Blanket Exercise,02/06/2017,02/06/2017
TC3 Breakthrough Concert,06/08/2017,06/08/2017
Mikhail Laxton Band,23/06/2018,23/06/2018
Psychology for Digital Behaviour Change,14/05/2018,14/05/2018
Canada Day at the Canadian Museum of Nature,01/07/2017,01/07/2017
Rights & responsibility: public forum on environmental rights in Canada,31/05/2017,31/05/2017
Ottawa Parent & Child Expo,21/04/2018,22/04/2018
Ottawa Wine and Food Festival ,03/11/2017,05/11/2017
Red Bull Global Rallycross Ottawa,17/06/2017,18/06/2017
Horaceville Harvest,01/09/2018,22/09/2018
FOPLA Monthly Mammoth Book sale,20/10/2018,20/10/2018
Touch a Truck,10/06/2018,10/06/2018
Beethoven on Record,02/12/2017,02/12/2017
Air Guitar Ottawa 2018 Championships,12/05/2018,12/05/2018
Ottawa LIVERight Gala,22/11/2018,22/11/2018
Megan Jerome and the Together Ensemble,20/05/2017,20/05/2017
RICHard SMOLinski - Scrutinearsighted,07/09/2017,07/09/2017
The Great India Festival 2018,10/08/2018,12/08/2018
"Film screening - ""Le sens de la fête"" (2017)",15/02/2018,15/02/2018
Gatineau Riverfest,28/07/2018,28/07/2018
Animals Rock 2017!,22/09/2017,22/09/2017
30th Annual Nepean Ringette Tournament,16/11/2017,19/11/2017
Classic Albums Live: Rush - 2112,02/12/2017,02/12/2017
Music for a Sunday Afternoon,26/11/2017,26/11/2017
Simple Plan ,20/09/2017,20/09/2017
PD Day: Baseball in Nepean,08/06/2018,08/06/2018
Dueling Pianos,16/11/2018,16/11/2018
Singers Master Class,06/05/2017,06/05/2017
Knox Harvest Bazaar,28/10/2017,28/10/2017
Live Music with Jimmy Young and the Restless,26/08/2017,26/08/2017
Carp Farmers' Market,15/04/2017,02/12/2017
Makers at the Museum: A Plein Air Watercolour Workshop,09/06/2018,09/06/2018
Throwing Graceful Forms with Paula Murray,08/09/2018,08/09/2018
Wakefield Christmas Market,08/12/2018,08/12/2018
Culture Days,30/09/2017,01/10/2017
Sultans of String - Christmas Caravan,30/11/2017,30/11/2017
Rob Frayne's Dreamband 3,18/04/2018,18/04/2018
Tucker House Renewal Centre's 9th Annual Green Gala,04/11/2017,04/11/2017
Zukerman and Mozart,23/11/2017,24/11/2017
Vernissage: Thunderstruck,20/06/2018,20/06/2018
Canada Day at the Aviation and Space Museum,01/07/2018,01/07/2018
Eighth Annual New Year's Eve Comedy Night,31/12/2018,31/12/2018
EmbraceYou: Movie Screening + Panel Discussion,04/06/2017,04/06/2017
Playing It Forward for Wishes,22/07/2018,22/07/2018
Telfer 10 - Trivia Night,25/05/2017,25/05/2017
